cliente_id,nombre,apellidos,email,pais
1,Lauren,Chen,jenniferscott@atkins-garcia.com,TUR
2,Joseph,Ross,lauren07@carr.com,PER
3,Dr.,Katie Stephenson,kinggeorge@yahoo.com,ITA
4,Taylor,Todd,cory64@kelly.com,SVK
5,Shelley,Lowe,samantha33@yahoo.com,URY
6,Michael,Greene,cynthiaarias@yahoo.com,RUS
7,Joshua,Gordon,bflores@ford.com,PRT
8,Brian,Davis,nelsonjeffrey@hotmail.com,IRL
9,Katie,Baker,ashley10@gmail.com,PRT
10,Cynthia,Williams,brookssteven@smith.net,GNB
11,Emily,Mann,stephenmiller@hopkins.net,PER
12,Michael,Cortez,kingangela@hotmail.com,SUR
13,Kristen,Coleman,nicholaschristensen@gmail.com,JAM
14,Elizabeth,Gonzalez,tamara12@yahoo.com,KAZ
15,Mr.,Jason Farley DVM,lopezdonna@hotmail.com,AGO
16,Jacob,Weaver,branchtimothy@hotmail.com,POL
17,Stacey,Snow,william36@yahoo.com,PRT
18,Natasha,Walker,briansilva@gmail.com,PRT
19,Erin,Brown,glenda72@gmail.com,CHN
20,Heather,Grimes,hwilliams@hotmail.com,VEN
21,Denise,Jackson,justin38@bond-bates.com,PRT
22,Steven,Haney,olewis@chan-smith.com,TJK
23,Elizabeth,Wang,calvinjackson@gmail.com,UKR
24,Jacob,Gray,theresa93@perkins-flores.com,GIB
25,April,Estrada,brownjacob@yahoo.com,GEO
26,Andrea,Clay,abigail11@gmail.com,THA
27,Anna,Gonzalez,christopherjenkins@yahoo.com,PRT
28,Elizabeth,Holloway,elizabethoconnor@bryan.info,PRT
29,Donna,Davidson,vday@gmail.com,CYP
30,Jennifer,Sutton,kristine45@owens-conrad.info,PRT
31,Tyler,Sanchez,rodriguezkeith@hotmail.com,PRT
32,Jessica,Peterson,jbarr@gmail.com,CPV
33,Lindsey,Blackwell,batesnicholas@trujillo-bennett.com,MOZ
34,Andrea,Murray,kbarrera@mcdaniel-jackson.biz,CN
35,Ryan,Mills,robertsontommy@yahoo.com,PRT
36,Ashley,Price,jasmine82@gmail.com,BGR
37,Amanda,Hahn,kristinagibbs@yahoo.com,PRT
38,Sarah,Sanchez,vharrington@blevins-lewis.com,PRT
39,Patrick,Frazier,katherinehunter@hotmail.com,PRI
40,Debbie,Jordan,dean53@myers.com,GRC
41,Nancy,Hanson,reidaustin@costa-garcia.info,ALB
42,David,Johnson,elizabeth25@yahoo.com,DEU
43,Carol,Pineda,marshallcarl@wilson-bishop.info,PRT
44,Erin,Mendoza,frobinson@gmail.com,LBN
45,Alexander,Wright,justinwalter@skinner-wong.com,TUN
46,Jose,Butler MD,timothywilliams@hotmail.com,BHR
47,Stephen,Adams,zjohnston@ortiz.com,LTU
48,Kevin,Powell,gileselizabeth@gmail.com,PRT
49,Sara,Hunter,dlynn@gmail.com,ZAF
50,Ryan,Navarro,davidhoward@rivera-meyer.biz,PRI
51,Linda,Sparks,toddkaylee@hotmail.com,PER
52,Crystal,Reyes,whiteheadbrian@campbell.net,BGD
53,Kristen,Heath,gambledean@romero.info,ITA
54,James,Campbell,marquezanthony@gmail.com,DOM
55,Brian,Smith,tammybuchanan@johnston.info,TUN
56,Gregory,Dean,lisasmith@hotmail.com,PRT
57,Lisa,Ross,greenejamie@wong-sanchez.org,BGD
58,Jerry,Munoz,mariah56@mcdaniel-walker.com,TZA
59,Daniel,Gonzalez,williamsheidi@yahoo.com,URY
60,Patricia,Tapia,qhowell@gmail.com,PRT
61,Meredith,Beck,matthew08@crosby-allen.biz,MAC
62,Dalton,Boyd,stephen65@hotmail.com,NLD
63,Jonathan,Lee,ywatkins@yahoo.com,PRT
64,Laurie,Morris,daniellemcgrath@graves-jones.com,AND
65,Evan,Ortiz,rbrock@oconnor.com,MLT
66,Crystal,Bell,cwoodard@gmail.com,MDV
67,Ann,Rice,pcastaneda@gmail.com,SVK
68,Terry,Herrera,laurahill@jones.com,CRI
69,Aaron,Moran,jessica44@weaver-reed.net,IRN
70,Michelle,Kelly,leeamanda@hotmail.com,LBN
71,Vanessa,Harrison,fcurtis@hotmail.com,PRT
72,Rachel,Allen,bdavis@yahoo.com,PAN
73,Kayla,Cortez,mcdowellyolanda@yahoo.com,CHL
74,Emma,Medina,zblake@ramos-chaney.org,BGR
75,Hunter,Guzman,amayo@mosley-smith.com,PRT
76,Carl,Dalton,markshepherd@fisher.net,PRT
77,Edward,Hughes,martingiles@yahoo.com,BGD
78,Matthew,Gross,jasonmurray@yahoo.com,QAT
79,Jason,Irwin,nlewis@gmail.com,SRB
80,Alan,Cummings,asingh@hotmail.com,SUR
81,Laurie,Paul,lewisshannon@hotmail.com,PRT
82,Danielle,Kirk,karawilliams@shaw.org,MKD
83,John,Anthony,jimmywhite@munoz.net,CHN
84,Jenna,Williams,kennethcalhoun@yahoo.com,CMR
85,Jose,Fox,williamsstacey@strickland-lewis.org,ARE
86,Justin,Jones,williamanderson@yahoo.com,KAZ
87,Christian,Hutchinson,jenniferross@yahoo.com,SWE
88,Megan,Walker,herrerabrandi@gmail.com,PRT
89,Scott,Watts,ygutierrez@hotmail.com,ARG
90,Christina,Davis,qmartinez@lowery.biz,PAN
91,Jeffrey,Ramirez,wthomas@bradshaw.com,NGA
92,Jared,Cummings,hmiller@hotmail.com,GRC
93,Richard,Ho,xblackburn@yahoo.com,PAK
94,Kendra,White,veronicaduran@hotmail.com,KOR
95,Casey,Williams,kendradavis@gmail.com,PRT
96,Billy,Hernandez,stephen69@gmail.com,CN
97,Brandon,Douglas,hornandrew@yahoo.com,PRT
98,Lisa,Baldwin,edecker@navarro-johnson.com,BGR
99,Alexis,Foster,rebecca49@yahoo.com,IND
100,Taylor,Roth,danny25@hotmail.com,UGA
101,Katie,Robbins,hpeterson@robbins-riley.info,AND
102,Scott,Becker,christopher22@hotmail.com,PRT
103,Dominic,Martinez,padillaandrew@kim.com,COL
104,Jacob,Padilla,william65@washington.com,LBY
105,William,Cabrera,michaeljones@gmail.com,THA
106,Gerald,Jones,wernercynthia@johnson.com,GRC
107,Alicia,Henderson,tfernandez@moss-rodriguez.net,QAT
108,Mark,Clark,james64@brown.com,LBY
109,Ryan,Lucas,holly07@knox-gardner.biz,MNE
110,Tara,Mcdonald,cynthia78@owens-moreno.com,PRT
111,Stephanie,Warren,brownmarcus@gmail.com,JAM
112,Michael,Walker,ashley78@yahoo.com,SEN
113,Danielle,Johnston,adrian54@gonzalez.com,ZAF
114,Carol,Burgess,bowmanmichael@flowers-bennett.org,PRT
115,John,Stein,rspencer@becker.com,PRY
116,Richard,Gibson,hnelson@hotmail.com,PRT
117,David,Flynn,rachel54@gmail.com,SEN
118,Joshua,Ross,trujillojudith@hotmail.com,BRA
119,Brenda,Rogers,nbrady@gmail.com,GIB
120,Alyssa,Moore,dhenderson@hotmail.com,AND
121,Kevin,Price,madeline78@yahoo.com,SWE
122,Troy,Richardson,fernandezandrew@lopez.com,PRT
123,John,Smith,dsmith@day.info,BLR
124,Amber,Johnson,ymiller@tucker.biz,UKR
125,Christopher,Kennedy,wmorales@smith.com,CHE
126,Peter,Martinez,mary21@sullivan-mcdonald.com,ARE
127,Alison,Lopez,mckenziejacob@hotmail.com,PRT
128,John,Gardner,robertbates@gray-hull.com,AGO
129,Elaine,Holmes,tracy03@hotmail.com,CMR
130,Michelle,Carr,joanne35@espinoza.biz,PRT
131,Kristin,Walker,davisjorge@archer.com,PRT
132,James,Le,kathy07@yahoo.com,OMN
133,Christopher,Richardson,jacob08@lopez-vasquez.com,PRT
134,Kelly,Robinson,virginia23@preston.info,KWT
135,Michelle,Smith,james40@young.com,IRL
136,Wanda,Thomas,pmiller@butler-gibson.com,VNM
137,Danny,Martinez,youngjohn@gmail.com,ARM
138,Jessica,Curry,stephen20@oneal-warren.com,TJK
139,Amy,Oconnor,lisadavis@yahoo.com,TWN
140,Adam,Knight,choitiffany@hotmail.com,LKA
141,Gabriel,Wright,williamjones@hotmail.com,MAR
142,Stephen,Murphy,nmcmahon@lozano-leach.com,DNK
143,Christopher,Bailey,lisadavis@hotmail.com,PRT
144,Theresa,Cohen,jessicabrock@cox.com,SWE
145,Todd,Woodward,john75@yoder.com,PRT
146,Lori,Snyder,rebecca91@anthony.com,SGP
147,William,Stone,emily01@carson-martinez.com,ARE
148,Jessica,Macias,shawscott@yahoo.com,BEL
149,Tiffany,Carrillo,joseperry@hotmail.com,HRV
150,Steven,Lee,qjohnston@hotmail.com,LBY
151,Christian,Ferguson,angela93@hill.com,PRI
152,Robert,Pittman,reneehall@hotmail.com,BHR
153,Randy,Ryan,elizabeth24@hotmail.com,SYR
154,Dr.,John Smith,upeters@holder.com,AGO
155,Cristina,Bishop,smithkenneth@zimmerman-jefferson.com,DZA
156,Carolyn,Johnson,anthony26@mcmahon.com,ESP
157,Thomas,Daniels,isaiah45@ochoa.com,JEY
158,Gary,Johnson,nicolevillegas@yahoo.com,ARE
159,Isaac,Hays,stephenmartinez@yahoo.com,ECU
160,Kenneth,Booth,elizabeth08@wise.com,AUS
161,Misty,Scott,umiller@coleman-olson.biz,PRT
162,Brian,Campbell,olivernoah@parker-hutchinson.com,USA
163,Amanda,Mccullough,xsavage@hotmail.com,ESP
164,Jennifer,Bray,tsaunders@gmail.com,CUB
165,David,Ramos,nancyherring@hawkins.com,PRT
166,Charles,Robbins,denise54@ball.com,KEN
167,Joan,Griffin,mullinsjason@hotmail.com,IND
168,Morgan,Boyle,hodgeswilliam@kline.info,ISL
169,Jennifer,Holt,epatton@hotmail.com,USA
170,Morgan,Cook,zwalker@roberts.com,ISL
171,Melissa,Patterson,abright@hotmail.com,GNB
172,Susan,Roberts,paul13@rice-wilson.org,AZE
173,Daniel,Valdez,ashleygriffin@lopez-williams.biz,TJK
174,Jacob,Colon,schultzcrystal@johnson.com,SRB
175,Aaron,Simpson,jason49@moore-williams.biz,UGA
176,Kelly,Mcdonald,sbarrera@hotmail.com,TJK
177,David,West,ugarcia@gmail.com,PRT
178,Curtis,Miller,cheryl15@rivera-lee.com,MLT
179,Jason,Lopez,mlopez@yahoo.com,PRT
180,Barbara,Mccormick,leecaitlin@gmail.com,KWT
181,Hailey,Berg,scott05@hotmail.com,RUS
182,Mrs.,Jennifer Soto,udavis@barton-bond.net,KEN
183,Julia,Hurley,georgerebecca@meyer.com,PRT
184,Susan,Cooke,kevinmiller@yahoo.com,AZE
185,Brian,Morgan,dyeralicia@gmail.com,EST
186,Gregory,Dominguez,wellskelly@yahoo.com,CZE
187,Mary,Eaton,michaelmorgan@fernandez.com,MDV
188,David,Ford,paulthomas@gmail.com,KAZ
189,Mr.,Jared Butler,owilson@wu.org,CYP
190,Justin,Zhang,justin72@cardenas.biz,ETH
191,Kelsey,Whitehead,bellsarah@hotmail.com,MAC
192,Jennifer,Martin,collinssusan@miller.com,LTU
193,Charles,Boyd,carlyscott@hotmail.com,ARE
194,Lisa,Alvarado,rodriguezcharles@osborn-jimenez.net,KAZ
195,Kristine,Robertson,janice00@saunders.com,LTU
196,Breanna,Adams,kenneth24@yahoo.com,ECU
197,Ann,Weaver,cjimenez@yahoo.com,PRT
198,Jacob,Crawford,dustin54@hotmail.com,CRI
199,Janice,Chapman,wwolfe@hotmail.com,KWT
200,Robert,Thomas,taylor87@morton-brown.com,LBN
201,Nancy,Edwards,parkerpatrick@hernandez-garrett.biz,AND
202,David,Graham,nicolas28@francis-walker.org,PER
203,Travis,Turner,dking@williams-nichols.com,ATA
204,Shirley,Taylor,tinapowell@hotmail.com,MNE
205,Anne,Hall,crystalspence@gmail.com,VEN
206,Cameron,Watson,austinlee@wells.com,JEY
207,Kathryn,Douglas,carolinecaldwell@gmail.com,JEY
208,Anthony,Blackwell,barnesjennifer@gmail.com,DEU
209,Krystal,Townsend,christensensophia@gmail.com,MOZ
210,Michael,Johnson,kinglindsay@brown.com,BRB
211,Eric,Underwood,qmora@hotmail.com,ISL
212,John,Sutton,twebb@mueller.biz,COL
213,Steven,Esparza,joannsmith@davies-ortega.info,PRT
214,Sandra,Krueger,javierbowen@ramos-butler.com,PAK
215,Maria,Young,camachodavid@hotmail.com,MDV
216,Michelle,Harris,holmeskyle@young.info,AND
217,Kenneth,Rodriguez,omurphy@chandler-dickerson.org,ZAF
218,Mary,Hall,kathleenhartman@short-jackson.org,LKA
219,Robert,Reyes,heatherbrown@gmail.com,SAU
220,Julie,Carrillo,annaadams@gmail.com,PRT
221,Holly,Ortiz,bernardgross@golden-white.com,GIB
222,Michael,Pace,rebecca73@sweeney.com,MOZ
223,Benjamin,White,pramirez@yahoo.com,FRO
224,John,Schneider,briggsseth@tucker.com,LUX
225,Anne,Stewart,cookray@hotmail.com,PER
226,Susan,King,daniellelang@gmail.com,DEU
227,Jeff,Miller,lynchjim@pena.biz,MKD
228,Erica,Shelton,jeffrey88@hotmail.com,OMN
229,Ruth,Ford,taylor94@gmail.com,PRT
230,Kylie,Fleming,theresawallace@gmail.com,PRT
231,Teresa,Miller,athomas@gmail.com,CN
232,Steven,Thompson,kristen33@johnson.biz,PRT
233,Maria,Yang,taylorpacheco@russo.com,FRO
234,Jasmine,Hernandez,osbornjames@rowe.net,UKR
235,Mr.,Joshua Marquez Jr.,michaelwilliams@parker.biz,VEN
236,Donna,Figueroa,browngeorge@caldwell.com,QAT
237,Jason,Davidson,josephwallace@gmail.com,PRT
238,Lauren,Mcintosh,hbarr@gmail.com,CUB
239,Eric,Strong,veronica53@hotmail.com,PER
240,Victoria,Hanson,vasquezjesse@rivera.org,ECU
241,Joseph,Moore,yle@gmail.com,ARM
242,Richard,Gregory,bradyjamie@hotmail.com,BIH
243,Amanda,Hill,john04@cruz.com,NZL
244,Maureen,Sanchez,vincent61@hammond.net,BIH
245,Kevin,Wolf,madison16@yahoo.com,PRT
246,Jeffrey,Sutton,icarter@haney.com,PRT
247,Melanie,Thomas,anthonychen@villarreal-dunn.net,AGO
248,Lisa,Brewer,lisafreeman@yahoo.com,ECU
249,Adrian,Hanna,ibrown@yahoo.com,ARG
250,Julia,Casey,langalyssa@bird.info,CHN
251,Lucas,White,reedkathryn@yahoo.com,MNE
252,Tyler,Stewart,lisagraham@howard.info,FIN
253,Mark,Horn,psanchez@singleton.org,CYP
254,Michael,Olsen,patrickstrickland@jones.org,PRT
255,Michelle,Delgado,paul84@dyer.com,MOZ
256,Chris,Cruz,williamchavez@hotmail.com,BHR
257,Jacob,Johnson,veronica53@yahoo.com,PAK
258,Erika,Ballard,hparker@hotmail.com,CPV
259,Vincent,Hayes,gallegoseric@gmail.com,CAF
260,Tyrone,West,danielle45@lang-campbell.biz,TZA
261,Eric,Johnson,hillsamantha@gmail.com,CUB
262,Sandra,Mendoza,georgecline@yahoo.com,ALB
263,Sherri,Ruiz,ronald69@yates.biz,BEL
264,Linda,Dominguez,schristensen@montoya.com,SVN
265,Sheila,Cannon,marshallkristin@smith.biz,KOR
266,Valerie,Glover,melissarivera@hotmail.com,VNM
267,Miss,Chelsea Mann DDS,dhumphrey@anderson.info,NZL
268,Monica,Schultz,michaelmatthews@reyes-orr.info,THA
269,Amy,Fischer,jeffery57@lewis.com,DEU
270,Sean,Cummings,thomas72@hotmail.com,UKR
271,Lauren,Gordon,ydavis@gmail.com,CIV
272,Tyler,Brown,fjuarez@yahoo.com,SVN
273,Ryan,Gonzalez,ebush@wright-gordon.com,PRT
274,Scott,Lopez,peterortiz@sanders.com,FRA
275,Daniel,Osborn,douglasmurphy@gmail.com,TWN
276,Jennifer,Long,djohnson@brown.com,ALB
277,Eric,Powell,lawrencehannah@hotmail.com,IRN
278,Christopher,Cook,cwhite@gmail.com,PRT
279,Nancy,Santana,melissa16@hotmail.com,RUS
280,Zachary,Brown,ewingbenjamin@carr.com,PRT
281,Erin,Ellis,sarahortiz@barron.info,OMN
282,Sabrina,Middleton,nglass@cisneros.com,PRT
283,Emily,Mcpherson,patrick47@porter-perez.com,NZL
284,Bonnie,Gordon,christopheryoung@yahoo.com,JAM
285,Amanda,Collins,lewisjack@gmail.com,FRO
286,Elizabeth,Lee,kristinamorris@yahoo.com,PRT
287,Sarah,Gutierrez,nichole10@hotmail.com,BIH
288,Jason,Stewart,newtonwendy@hotmail.com,AGO
289,Krystal,Daniels,ashley72@hotmail.com,LKA
290,Tracy,Rodriguez,seanlopez@ford-hill.info,KEN
291,Kimberly,May,james82@yahoo.com,PRT
292,Steven,Ingram,woodslisa@hotmail.com,PRT
293,Steven,Cisneros,alexanderstephen@hotmail.com,SVK
294,Jennifer,Brooks,jesus10@gmail.com,PRT
295,Heidi,George,christinecrosby@yahoo.com,PRY
296,Regina,Murray,kristinlewis@miller-holden.com,PHL
297,David,Owens,esandoval@yahoo.com,PRT
298,Randall,Tyler,cunninghamthomas@gmail.com,BRB
299,Matthew,Thomas,jonjoseph@hotmail.com,CHE
300,Jennifer,Morgan,smithcarlos@yahoo.com,PRT
301,Thomas,Johnson,brandondean@gmail.com,PRT
302,Joshua,Houston,rodgerscatherine@daniels.com,CAF
303,Carolyn,Camacho,zimmermanrachel@hotmail.com,USA
304,Hannah,Brown,weberkaren@farmer.biz,ARM
305,Carmen,Hamilton,amydean@nelson.com,CIV
306,Ashley,Thomas,owilliams@gmail.com,PRT
307,Cindy,Williams,nlopez@yahoo.com,RUS
308,Jennifer,Fleming,emilysanders@rivera.com,HUN
309,Mia,Massey,fbrooks@jones.net,PRT
310,Stephanie,Smith,norrischristopher@cantu.net,LVA
311,Yesenia,Martinez,lynchlaura@yahoo.com,NZL
312,Emily,Dominguez,woodwardmichael@gmail.com,JPN
313,James,Love,glorialee@yahoo.com,BRB
314,Brian,Cox,forddaisy@hotmail.com,PRT
315,Richard,Villanueva,amy13@reynolds-archer.com,PRT
316,Michelle,Meyers,dominiquesandoval@smith.com,CMR
317,Thomas,Torres,denisewillis@gmail.com,ARE
318,Patricia,Gardner,eric41@malone.com,PRT
319,Brandon,Campbell,gillespiematthew@wilkins.org,JEY
320,Ralph,George,rebecca90@gmail.com,COL
321,Julie,Young,theresa51@spencer.com,PRT
322,Matthew,Rodriguez,lbush@flores.com,PRT
323,Nicole,Webb,fandrews@perez.com,ROU
324,William,Lewis,barbara71@yahoo.com,GIB
325,Noah,Bates,rebecca07@chen-johnson.org,ISL
326,Christine,Velez,hking@gmail.com,PRT
327,Mr.,Christian May,justin51@lowe.com,NOR
328,Jessica,Poole,grahamvirginia@robinson.com,AGO
329,Steven,Willis,sheilaraymond@gmail.com,MOZ
330,Steven,Higgins,patrickjerry@hotmail.com,ALB
331,Eric,Erickson,karenmoore@yahoo.com,AUS
332,Gina,Bowen,juliestein@taylor-miller.biz,EST
333,Matthew,Horne,jennifer42@yahoo.com,BRB
334,David,Scott,ghester@johnson.com,BOL
335,Jonathan,Gonzalez,ucruz@moore.com,HRV
336,Thomas,Weaver,navarromichael@hotmail.com,TJK
337,Kristen,York,benjaminchandler@yahoo.com,MWI
338,Donald,Hernandez,briggsjeffrey@boyd.org,BGD
339,Martha,Davidson,rachel29@hotmail.com,MUS
340,Ann,Sanchez,cfrazier@baker.com,AGO
341,Jessica,Hobbs,lisarichardson@hotmail.com,SGP
342,Pamela,Reynolds,sheila12@hotmail.com,PRT
343,Jason,Morgan,grayjose@gmail.com,BGD
344,Jessica,Nicholson,vgould@black.com,COL
345,Michelle,Jackson,melissa16@gmail.com,CHN
346,Cristian,Shelton,baileywebb@yahoo.com,PRT
347,Jessica,Smith,carterangela@gmail.com,PRT
348,Stacy,Lowe,jeremysmith@hotmail.com,ARM
349,Madison,Collins,uespinoza@hotmail.com,PHL
350,Laura,Mccormick,jennifer52@simon-young.com,ECU
351,Holly,Goodwin,charlenereed@yahoo.com,AUS
352,Lori,Green,annettegibson@yahoo.com,PRT
353,Stephanie,Bernard,tiffanyhull@cole.info,LBN
354,Catherine,Frank,angela66@williams-baker.com,RUS
355,Carla,Castro,gallegosdebra@smith.info,ISR
356,Karen,Allen MD,andrew20@hotmail.com,FRO
357,Bryan,Hatfield,jennifer11@hebert.com,PAN
358,Sarah,Dunlap,keithjames@taylor.com,HKG
359,Lindsey,Thomas,space@henry.com,ROU
360,Richard,Graham,pmccoy@hotmail.com,IDN
361,Michelle,Beck,coleaustin@navarro-flowers.net,PRT
362,Ronald,Flores,qcarter@gmail.com,SRB
363,Kevin,Brown,gomezandrew@edwards.com,GBR
364,Eduardo,Pitts,katherine36@yahoo.com,PRT
365,Jocelyn,Navarro,bbeasley@hotmail.com,ARG
366,Kevin,Douglas,michelle18@ibarra.com,JPN
367,Donna,Carter,patricia27@garza.info,PRT
368,April,Walsh,timothydavis@nunez.net,IRN
369,Margaret,Mitchell,abigailrodriguez@lee.com,BLR
370,Angela,Vasquez,imullins@foley.com,NZL
371,Heather,Smith,perezanthony@henderson.org,KOR
372,Lisa,Underwood,obooth@garcia.org,PRT
373,Dawn,Stevens,gmartinez@scott.com,LTU
374,Laura,Edwards,shawn92@yahoo.com,ARE
375,Pam,Mercado,darin00@yahoo.com,TJK
376,Kevin,Jacobson,doylemichelle@hotmail.com,KOR
377,Adrian,Moyer,ymaldonado@gmail.com,LBY
378,Paula,Sherman,laurengriffin@yahoo.com,KEN
379,Anthony,Poole,vwallace@hotmail.com,ROU
380,Dylan,Mcpherson,ronaldwhite@yahoo.com,POL
381,Jeffrey,Santiago,kathleendorsey@gmail.com,PRT
382,Caroline,Marks,helen85@contreras-hunter.com,CAF
383,Tommy,Young,briana64@johnson.com,BRB
384,Daniel,Williams,hannah03@hotmail.com,SRB
385,Krystal,Knapp,kimberly66@scott-randolph.com,IRL
386,Michael,Rodriguez,kturner@carroll.org,PRT
387,Kristen,Sherman,rmccullough@gmail.com,UKR
388,Erin,Brown,jennifer84@yahoo.com,TJK
389,Christian,Simmons,stevejones@ross.biz,ESP
390,Phyllis,Henderson,hinesapril@yahoo.com,DOM
391,Brittney,Cordova,gjohnston@gmail.com,CRI
392,Michael,Nelson MD,camposderrick@yahoo.com,MDV
393,Douglas,Sweeney,colemariah@smith-lucas.com,TZA
394,Jared,Flynn,allenzachary@gmail.com,NZL
395,Lauren,Valentine,andrewking@gmail.com,CIV
396,David,Edwards,cordovadanielle@yahoo.com,CZE
397,Pamela,Cobb,pweaver@rodriguez.info,PRT
398,Amy,Turner,maldonadochristopher@cameron.org,PRT
399,Robert,Wilson,brendamedina@hotmail.com,HKG
400,Antonio,Peters,robert75@gmail.com,SVK
401,Michelle,Schwartz,wilsonwilliam@yahoo.com,THA
402,James,Eaton,yyoung@gmail.com,AND
403,Jacob,Travis,millergeoffrey@gmail.com,ESP
404,William,Gonzalez,thill@gmail.com,PRT
405,Jonathan,Hernandez,daniel84@sanders.com,CUB
406,Vanessa,Anderson,ortegajohn@owens-scott.net,POL
407,Nicholas,Norris,jasonterrell@west.net,JEY
408,Jeremy,Stevens,debrazamora@hotmail.com,ISR
409,Matthew,Torres,michael92@yahoo.com,PRT
410,Kathleen,Eaton,justincompton@taylor-maldonado.biz,SUR
411,Janet,Meyer,vguerrero@gmail.com,DNK
412,Lee,Espinoza,nicole46@gmail.com,PRT
413,Tommy,Powell,stephen09@hotmail.com,PRT
414,Jerry,Ramirez,emily23@burns.com,GRC
415,Alyssa,Brown,riveraalexa@barry.com,PRY
416,Andrew,Johnston,beckernathaniel@yahoo.com,PRT
417,Tammy,Salinas,leahbutler@yahoo.com,PRT
418,Sandra,Brandt,tluna@malone-woods.com,IRQ
419,Jacqueline,Turner,charleshall@hotmail.com,MAR
420,Jason,Mclean,vincent48@yahoo.com,IRL
421,Joshua,Blevins,jamessherry@meyers-hensley.com,EGY
422,Brenda,Acosta,halexander@hotmail.com,PRT
423,Brittany,Reed,lhogan@clark-ryan.org,GRC
424,Elizabeth,Woods,anne74@wu.org,VNM
425,Danny,Pope,patrickbarker@gmail.com,POL
426,Mr.,Kenneth Jackson MD,kayla05@gmail.com,JAM
427,Kim,Brown,lori29@hotmail.com,PRY
428,Tammy,Cole,cunninghamrichard@lee-sanchez.com,PHL
429,Jodi,Andrews,proth@hotmail.com,LUX
430,Lauren,Price,davisglen@yahoo.com,PRT
431,David,Powell,iford@jones.org,PRT
432,Katherine,Williams,tspencer@yahoo.com,KWT
433,Melissa,Frederick,smay@gmail.com,AUS
434,Andrew,Estes,laurie89@hotmail.com,IRQ
435,Christopher,Hernandez,christinemarshall@huynh.com,PRT
436,Laura,Bell,georgemiller@yahoo.com,ALB
437,Michael,Holden,sharon39@salas-ellison.com,QAT
438,James,Prince,ygamble@hotmail.com,PRT
439,Robert,Mcgrath,brandon49@yahoo.com,MKD
440,David,Stark,rjenkins@yahoo.com,PRT
441,Gail,Walker,philip84@hotmail.com,ARE
442,Melissa,Lewis,julieaustin@yahoo.com,ROU
443,Sarah,Acevedo,nathansoto@mcdonald-silva.com,KAZ
444,John,Riddle,vgibson@fischer.com,MAR
445,Shelley,Burnett,dunncarl@mitchell.biz,KOR
446,Megan,Jennings,meyersrichard@bell-wolfe.com,ZMB
447,Tammy,Martinez,mroberts@yahoo.com,GBR
448,James,Ortiz,vincent00@hotmail.com,PRT
449,Jillian,Obrien,anthony99@hotmail.com,RWA
450,Justin,Parker,sheila87@yahoo.com,PRT
451,Antonio,Garcia,sherri02@smith.com,BHR
452,Jeremy,Ramirez,kendranelson@yahoo.com,KWT
453,Victoria,Patel,manuelsimon@dorsey.com,CMR
454,Angela,Navarro,ccombs@gmail.com,PRT
455,William,Collins,adkinsthomas@riddle.com,LVA
456,Carol,Cunningham,wesley23@hotmail.com,GIB
457,Catherine,Hoover,pricemitchell@reynolds.com,STP
458,Cathy,Mccoy,nshaw@williams-benitez.com,AZE
459,Kelly,Sharp,mathew26@hotmail.com,CN
460,Brooke,Allen,geraldsanchez@villanueva.org,MEX
461,John,Perez,walteryolanda@carter.net,SGP
462,Andrea,Reid,katelynsmith@yahoo.com,SEN
463,Ryan,Stout,ylittle@yahoo.com,MUS
464,Andrew,Sweeney,qlee@gmail.com,EST
465,John,Jacobson,michelleayers@hotmail.com,FIN
466,David,Ho,brandypotts@johnson-johnson.com,THA
467,Linda,Miller,chadmoses@hotmail.com,PRT
468,Bryan,Marshall,ndawson@yahoo.com,PRT
469,Joshua,Santana,angelsolis@yahoo.com,PRT
470,Patricia,Haney,gentrychristopher@salazar-taylor.org,DOM
471,Jeff,Robbins,ivancoleman@evans.com,PRT
472,Jeffrey,Gonzalez,brenda58@hotmail.com,MNE
473,Elizabeth,Cobb,lindsay21@holmes.com,BEL
474,Richard,Thornton,htorres@taylor.com,RUS
475,Alison,Parker,adkinsmarcus@gmail.com,DEU
476,Diana,Collins,greeneluke@wright.biz,BRB
477,Timothy,Brown,oclark@ramos-adams.info,MDV
478,Brianna,Perez,ihart@gmail.com,PRT
479,Mark,Smith,amandafowler@howard-mathis.com,PRT
480,Lindsay,Barnett,garciabarbara@brown-walters.com,CZE
481,Kathy,Garrett,hsoto@jenkins-ellis.com,MLT
482,George,Mcdowell,adam27@yahoo.com,ECU
483,Mark,Dennis,kelly20@yahoo.com,CPV
484,Candice,Buck,parkerjessica@hotmail.com,HUN
485,Tiffany,Ruiz,fsimon@henderson.net,URY
486,Steven,Griffith,kcollins@yahoo.com,PRT
487,Kelly,Nguyen,eoneal@henry.info,PRT
488,Brianna,Bradley,brandonlopez@gmail.com,MNE
489,Ashley,Hernandez,stacy79@robinson.com,ROU
490,Kelsey,Mccormick,brandonsmith@williams-miller.net,AUT
491,Dr.,James Miller DDS,kmeyer@diaz.biz,ECU
492,Elaine,Thompson,markmendoza@yahoo.com,ITA
493,Stanley,Tran,larsonerin@hodge.org,FIN
494,Michael,Townsend,uhancock@crawford-carter.biz,ARG
495,John,Elliott,ramirezbrad@yahoo.com,PRT
496,Theodore,Cruz,myersmichael@olson.com,CPV
497,Alison,Garner,edavis@hotmail.com,CHN
498,Ann,Morris,weaverjames@gmail.com,PRT
499,Ryan,West,jason16@hotmail.com,ZAF
500,James,Morrison,xsparks@adams.biz,ARM
501,Larry,Garcia,iolson@gmail.com,PRI
502,Jessica,Williams DDS,jessicaortiz@gmail.com,PRT
503,Angela,Nielsen,cruzmelissa@gaines.com,PRT
504,Maria,Stafford,novakedward@yahoo.com,USA
505,Lisa,Adams,thomasbarker@diaz.com,CHE
506,Matthew,Hansen,yward@yahoo.com,PRT
507,Scott,Harper,kara97@yahoo.com,PRT
508,Robert,Hoover,ericperez@hotmail.com,PRT
509,Gregory,Velez,usawyer@yahoo.com,MOZ
510,Kenneth,Reid,gallegoskayla@beltran.com,SUR
511,Carlos,Cox,fostersteven@ball.net,OMN
512,Alison,Carpenter,priceeric@gmail.com,SVK
513,Craig,Phillips,mkeller@ortiz-sherman.com,KAZ
514,Brandon,Newton,rachel01@gmail.com,FRO
515,Jennifer,Bradley,clarkheather@morales-stone.com,PRT
516,Robert,Hawkins,jstewart@rogers.com,DNK
517,Jamie,Vega,spencerjared@gmail.com,MEX
518,Nicholas,White,sharon00@rich.com,PHL
519,Tammy,Stevenson,fisherbenjamin@lee.org,SVK
520,John,Oconnor,philip55@hotmail.com,AUS
521,Wanda,Stevens,matthewbird@hansen.org,COL
522,Cheryl,Bradshaw,moranscott@richards-jordan.com,AGO
523,Maureen,Villegas,xthomas@baker.biz,COL
524,Jeremy,Harris,jonathan09@floyd.com,CYP
525,Erin,Morgan,annetteharris@yahoo.com,NZL
526,Matthew,King,wsanchez@palmer.org,CAF
527,Kendra,Gilmore,wkelly@coleman.biz,UZB
528,Mr.,Spencer Nguyen Jr.,kiarawilson@yahoo.com,PRT
529,Kathleen,Lewis,becky48@yahoo.com,PRT
530,James,Johnson,tcummings@bryant.com,JEY
531,Allison,Kennedy,codysalas@hotmail.com,ITA
532,Stephen,Martin,john21@bell.org,CIV
533,Jordan,Henry,fishermelissa@gmail.com,MEX
534,Kristen,Avila,virginia07@green.com,JEY
535,Kathy,Mejia,robin47@yahoo.com,UKR
536,Allen,Jones,abishop@yahoo.com,CHN
537,Patrick,Nichols,anthony43@yahoo.com,PRT
538,Ryan,Wright,vpatton@mckee.org,CN
539,Todd,Taylor,dcrane@gmail.com,PRT
540,David,Young,timothybradshaw@gmail.com,TWN
541,Michael,Harrison,johntodd@hotmail.com,IND
542,Bradley,Brown,jarvisdan@woods.com,LBY
543,Joseph,Smith,brandy75@garrett-gilbert.com,GIB
544,Anthony,Clark,denisebrown@mosley.biz,PRT
545,Nicole,Moss,michael06@pollard-west.info,PRT
546,Steven,Parker,martindustin@nguyen.org,BLR
547,Monica,Becker,jeannewilson@gmail.com,DOM
548,Kevin,Burton,alanespinoza@hotmail.com,OMN
549,Tami,Davis,briancarroll@yahoo.com,IRN
550,Sarah,Johnson,sarahbuchanan@gmail.com,PRT
551,Sarah,Price,ymartin@davidson.com,ITA
552,Tammy,Ingram,carolyn24@gmail.com,HUN
553,Jesse,Thompson,angela78@henry-adams.com,PRT
554,Terry,Bell,waynewilliams@mclaughlin.com,BGD
555,Linda,Jones,malonemikayla@hardy.info,MDV
556,Ryan,Berry,sanchezkristen@harrison.org,PRT
557,Barbara,Buchanan,clang@hotmail.com,ESP
558,Sean,Gonzalez,leahaguilar@hotmail.com,KWT
559,Andrew,Meadows,rmoreno@hotmail.com,CYP
560,James,Adams,mcintyresherry@chen.com,ITA
561,Connie,Romero,tmichael@hotmail.com,KWT
562,Janet,Butler,warroyo@hotmail.com,BIH
563,Chris,Davies,jamesrobinson@moon-massey.com,NLD
564,Christina,Burke,tina76@rose-sloan.biz,PRT
565,Ashlee,Johnson,roberthunt@johnson.com,PRT
566,Susan,Cox,laura68@hotmail.com,PRT
567,Sean,Ashley,ronald94@spence.com,ALB
568,Margaret,Miller,michael12@hotmail.com,CPV
569,Tara,Fitzgerald,elliottzachary@webb.com,CHL
570,Christina,Mason,cramsey@yahoo.com,KAZ
571,Craig,Parker,xwells@gmail.com,PRT
572,Victor,Bell,cgarcia@mccoy.info,ZAF
573,Christina,Johnston,arnoldelaine@yahoo.com,NLD
574,Erica,Long,joshuaconner@gmail.com,TUR
575,Emily,Malone,richard15@woods.biz,IRN
576,Amber,Martinez,markmoody@butler.net,BIH
577,David,Sanchez,jeremygentry@garcia.net,PRY
578,Felicia,Huang,bryan40@graham.com,MOZ
579,Jay,Blackburn,handerson@gmail.com,SEN
580,Deborah,James,tinaterry@gmail.com,PRT
581,Charles,Gray DVM,carol13@miranda-barr.com,THA
582,Melissa,Roy,noblejeremy@gmail.com,FRA
583,Samuel,Simpson,gonzalezchloe@carpenter-martin.com,PRT
584,April,Harvey,mlewis@barnes-fisher.com,PRT
585,Scott,West,waltersjohn@myers.net,PRT
586,Kathryn,Brown,jeremy17@gmail.com,CHE
587,Sylvia,Dorsey,arellanojohn@yahoo.com,LVA
588,Shannon,Mcdaniel,audreymiller@diaz.com,PRT
589,Mrs.,Sheila Simmons,jvazquez@thompson-braun.org,CPV
590,Jesse,Gibbs,richardsonmelinda@harrison-miller.com,POL
591,Kim,Hancock,warrenkyle@yahoo.com,CHN
592,Jesse,Wagner,shannonsmith@moss.com,URY
593,Samantha,Hawkins,leslie32@hotmail.com,SUR
594,David,Rocha,millerjohnny@yahoo.com,ECU
595,James,Wilkinson,kristenpatton@hotmail.com,JPN
596,Christian,Wood,qproctor@yahoo.com,KWT
597,Dustin,Arellano,darren62@nash.com,HKG
598,Mrs.,Ashley Brown,kristy38@gmail.com,PRT
599,Brian,Fischer,vanessa09@hotmail.com,VNM
600,Leslie,Johnson,kevin61@aguilar-ray.info,PRT
601,Lorraine,Smith,ryan24@hotmail.com,BGR
602,Jennifer,Monroe,ethompson@rodriguez.org,GRC
603,Daniel,Fry,millerrobert@tate.com,GRC
604,Daniel,Powers,brenda37@yahoo.com,MAC
605,Tracey,Moore,rnorris@hotmail.com,GEO
606,Mary,Evans,omaynard@hotmail.com,GEO
607,Kyle,Mendez,csmith@davidson-duran.org,AZE
608,Jennifer,Park,maynardjohn@johnson.com,PRT
609,Destiny,Hunt,ngilbert@rowland.com,FIN
610,Crystal,Martinez,tara78@castaneda-black.com,PAK
611,Katrina,Miller,dawn84@butler.com,CN
612,Erika,Johnson,rgutierrez@ashley.com,GNB
613,Rebecca,Parsons,ereynolds@love.org,PRT
614,Micheal,Cole,asmith@henson.com,DNK
615,Daniel,Nguyen,jason52@patrick.com,AUS
616,Nicole,Fields,stephenswilliam@yahoo.com,HUN
617,Jason,Sloan,lauren44@kelly.org,VEN
618,Peter,Barrett,ethanramirez@brown.com,IDN
619,Charles,Roach,audreyhudson@tucker-hobbs.biz,BLR
620,Jerome,Gordon,vgibson@macdonald.com,PRT
621,Maureen,Grimes,meganharrison@gmail.com,PRY
622,Antonio,Sparks,mcbrideheather@jones.com,MYS
623,Jacqueline,Rogers,hramirez@thompson-sanders.org,BLR
624,Amanda,Parker,matthew57@morrison-pittman.com,PRT
625,John,Jones,jflores@hotmail.com,SVK
626,Chad,Johnson,zcurry@hodges-rivera.net,PAN
627,Allison,Scott,jenniferlee@terry.com,LUX
628,Richard,Greene,zharvey@herrera.com,PRT
629,Elizabeth,Wilson,carolynsweeney@gonzalez.com,KEN
630,Tracy,Freeman,sabrina40@hotmail.com,CIV
631,Aaron,Barnett,taylor77@martinez-hawkins.com,PRT
632,Laura,Yates,lambian@yahoo.com,GEO
633,Shannon,Mcknight,austinamanda@baker.com,MNE
634,Dennis,Parker,bellpaul@gmail.com,SVN
635,Nicole,Pierce,heathergreen@gmail.com,PRT
636,John,Rodriguez,rebecca09@day.com,HKG
637,Erica,Proctor,catherine84@yahoo.com,CPV
638,Mark,Sanchez,calvin75@payne.info,PRT
639,Brian,Diaz,greenelori@marshall.net,KWT
640,Samantha,Osborne,stephenolson@hotmail.com,TZA
641,Steven,Mitchell,catherine76@yahoo.com,CUB
642,Jason,Gallegos,geraldcook@yahoo.com,NLD
643,Susan,Reynolds,allensantos@ball.biz,BOL
644,Darin,Macias,cynthia35@gmail.com,TZA
645,Heather,Smith,anne00@yahoo.com,EST
646,Philip,Ford,amanda39@gmail.com,SAU
647,Joseph,Harvey,mitchellmichelle@yahoo.com,HRV
648,Mr.,Gilbert Gonzalez,chandlerkevin@rodriguez.org,COL
649,Miss,Suzanne Weber,uhowe@landry-rangel.info,NOR
650,Kayla,Jackson,josephshaw@ramirez-brady.com,PRT
651,Sarah,Parker,ualexander@yahoo.com,BOL
652,Stephen,Miller,allenjohn@hotmail.com,URY
653,Kevin,May,allison19@gmail.com,CAF
654,Andrea,Cameron,cardenasmegan@yahoo.com,PRT
655,Jean,Kelly,seth10@hughes.com,FIN
656,Lisa,Ray,savannah76@adams-adams.com,AGO
657,Susan,Rhodes,wolfemichael@gmail.com,PHL
658,Carrie,Chavez,christopherwright@perez-callahan.com,PRT
659,Sierra,Lindsey,zmartinez@hotmail.com,GNB
660,Andrew,Fitzgerald,hollycrosby@rogers-roberts.com,PRT
661,Brittany,Hartman,gloversusan@yahoo.com,AUS
662,Cathy,Kim,houstontroy@suarez.com,CMR
663,Lauren,Spencer,deleonlisa@hotmail.com,ITA
664,Kristina,Harvey,craig16@hotmail.com,CRI
665,Dana,Decker,thomasward@santiago-dorsey.info,MOZ
666,William,Miller,samuelbruce@wall.biz,ARE
667,Mr.,Sean Pearson,monicamclean@khan.info,SVN
668,Austin,Bryant,davislisa@hotmail.com,PRT
669,Brenda,Bauer,eespinoza@griffin.com,MKD
670,Heather,Gomez,kvega@calderon.net,JAM
671,Thomas,Daniel,stephaniefrancis@riley-herrera.net,BLR
672,Mark,Russell,howardspencer@hess.com,AZE
673,Kristen,Preston,samanthakoch@perez.org,HKG
674,Christopher,Gibson,jeffgonzalez@meyers.biz,BRA
675,Frank,Russell,rhondahancock@hotmail.com,PRT
676,Lori,Gonzales,owelch@good.net,SWE
677,Megan,Neal,montessamantha@yahoo.com,AND
678,Cathy,Roberts,wray@yahoo.com,GNB
679,Debbie,Hoffman,grosspatrick@hotmail.com,VNM
680,Elizabeth,Meyer,boyerlinda@woodward.com,URY
681,Mr.,Glen Wyatt,xdennis@nixon-lopez.com,PRT
682,Cheryl,Johnson,bowens@mosley.biz,SWE
683,Christopher,Adams,kelly85@hotmail.com,IRL
684,Samuel,Adkins,gloverscott@hotmail.com,EGY
685,Justin,Smith,fmiller@wright.info,BOL
686,Lisa,Webster,robertsonjoshua@gmail.com,IND
687,Bradley,Arnold,christinegarcia@yahoo.com,PRT
688,Samuel,Bryan,elizabeththompson@hotmail.com,POL
689,Mark,Rios,milesjohn@hotmail.com,TUR
690,Jessica,Baker,nunezmichelle@hotmail.com,SVK
691,Taylor,Hess,lisarogers@yahoo.com,PRT
692,Jose,Wong,scottsmith@yahoo.com,KHM
693,Brianna,Hoffman,stacyjackson@yahoo.com,BOL
694,Barbara,Dixon,mromero@hotmail.com,MUS
695,Melissa,Lambert,marcussmith@mills.com,LUX
696,Marcus,Jones,colonjason@hotmail.com,RUS
697,David,Washington,davisalexander@gmail.com,MOZ
698,Whitney,Boyer,joshua40@cook.com,PAK
699,Ronald,Compton,palmersharon@gmail.com,VEN
700,Brett,Lucas,acurtis@gmail.com,GEO
701,Raymond,Travis,cooperjason@moore.com,TUR
702,Paula,Hernandez,robertsonstephanie@gmail.com,TUR
703,John,Price,andrew27@yahoo.com,TUN
704,James,Pratt,cbrown@yahoo.com,SWE
705,Karen,Mclaughlin,sharon05@yahoo.com,DNK
706,Andrea,Collins,danielchristopher@yahoo.com,PRI
707,Dillon,Scott,wmiller@gmail.com,GEO
708,Eric,Blanchard,scottcraig@yahoo.com,EST
709,Sheri,Krause,nhebert@yahoo.com,MLT
710,Daniel,Oneill,fgarrison@hotmail.com,PRT
711,Anthony,Randolph,sporter@yahoo.com,CIV
712,Julie,Odonnell,emolina@wagner.com,PRT
713,Nancy,Mitchell,katherinemorris@roberts.com,PRT
714,Craig,Estrada,allenolivia@hotmail.com,MDV
715,Jackie,Tate,qclark@mcdonald.net,PRT
716,Jacob,Wilson,maxperez@miles.biz,LTU
717,Taylor,Green,epark@ross.com,PRT
718,Debra,Clark,sarah66@cohen-brown.com,CUB
719,Daniel,Collins,garzaedward@gmail.com,MEX
720,Amy,Cohen,brownmatthew@hensley.org,PRT
721,John,Rodgers,smithsusan@kim.info,GGY
722,Karen,Smith,djoseph@yahoo.com,HUN
723,Chelsea,Ramos,riversdennis@gmail.com,PRI
724,Austin,Cantrell,wjohnson@hotmail.com,PRI
725,Carol,Wilson,samuel37@matthews.net,VNM
726,Jeffrey,Gomez,timothy77@ortiz.org,BOL
727,Donna,Rodriguez,jamessnow@mccormick-riggs.com,PRT
728,Stacy,Marshall,annaowens@martinez.com,PHL
729,Lauren,Thompson,bschultz@green-hernandez.net,CYP
730,Kelly,Cox,nelsoncynthia@garcia-webb.info,SVN
731,Michael,Roberson,gracerodriguez@hotmail.com,VNM
732,Jennifer,Reynolds,bradytammy@yahoo.com,ARM
733,Michelle,Hernandez,rbarnett@gmail.com,BLR
734,Margaret,Dalton,vbrown@russell-lin.biz,BRB
735,Kaitlyn,Curry,fshaw@norris.com,FRA
736,Michael,Thompson,robert42@mitchell.com,ISL
737,Cody,Adams,tony18@yahoo.com,PRT
738,Sylvia,Wilson,heather34@yahoo.com,PRT
739,Sharon,York,sherri23@yahoo.com,GHA
740,Paul,Griffin,griffithzachary@harmon.com,KEN
741,Robert,Ashley,steeleallison@shields.info,PRT
742,Matthew,Fields,wrightjames@hotmail.com,BEL
743,Sarah,Brown,vburke@chambers.com,PRT
744,William,Smith,cowangregory@mendoza-jones.com,CZE
745,Todd,Mccarthy,clineabigail@gmail.com,TZA
746,Carrie,Ray,tom15@taylor-rivera.com,CYP
747,Cynthia,Davis,jcain@gmail.com,PAN
748,Patrick,Taylor,jonesfelicia@hotmail.com,PRT
749,Jessica,Bradford,pjackson@hotmail.com,LKA
750,Jacob,Hayes,tgarcia@gmail.com,PRT
751,Brittany,Hopkins,dstewart@gmail.com,GBR
752,Eric,Howell,charlesaustin@lewis.com,AND
753,Jennifer,Watson,gmartinez@oliver.info,GEO
754,Amy,Castillo,rebeccapeters@hotmail.com,PRT
755,Danielle,Garcia,mhenderson@yahoo.com,MKD
756,Eric,Gilbert,psteele@yahoo.com,TJK
757,Christopher,Marshall,mark32@perez.com,CN
758,Jerry,Brown,brookeboyd@stone.com,LVA
759,Carla,Oliver,michael28@barajas.com,MLT
760,Ronnie,Morgan,michael99@gmail.com,SVK
761,James,Cannon,williamsjacqueline@terrell.com,MNE
762,Colin,Schneider,dcox@yahoo.com,NGA
763,Mr.,Hunter Smith,zimmermankelly@williams.com,MUS
764,Karen,Jenkins,phillipfrye@hotmail.com,PRT
765,Allen,Mejia,chelsea62@hayes.com,PRT
766,David,Keith,nicholas22@yahoo.com,KEN
767,Mason,Cannon,christopher43@guerrero.com,PRT
768,Joel,Taylor,sandragreene@harrison-jennings.info,TUR
769,Bryan,Hensley,moorecrystal@hotmail.com,PRT
770,James,Walker,timothyjohnson@yahoo.com,PRT
771,Carrie,Bailey MD,kromero@hotmail.com,GRC
772,Denise,Weaver,tpowell@adams-ayers.biz,PRT
773,Richard,Fisher,curryjeffrey@meyers-sparks.biz,ESP
774,Teresa,Henderson,melanie32@gomez.net,CIV
775,Sara,Sanders,shepherdjames@scott-dodson.com,URY
776,Cindy,Hill,sandraharris@vargas.com,SGP
777,Lisa,Jordan,yliu@hotmail.com,PRT
778,Tyler,Young,cristinapeters@gmail.com,NGA
779,Victoria,Lynch,jaime05@chavez-butler.com,LUX
780,Rhonda,Miller,faith08@gmail.com,MAC
781,Derek,Rivera,amandasandoval@yahoo.com,PRT
782,Kathleen,Arroyo,gonzalesmegan@greer-morton.com,PRT
783,Dale,Stewart,christopher40@yahoo.com,MAC
784,Christopher,Young,evansrichard@sanchez.com,CRI
785,Randy,Benson,jennifernovak@williams-brown.com,TUR
786,Edward,Shaw,foxvictoria@little.com,CPV
787,Micheal,Smith,michael83@cook.com,PRT
788,Bobby,Young,williamsstephanie@davis.com,AUT
789,Kiara,Baker,cliffordmelendez@gmail.com,BGR
790,Ms.,Kim Carroll PhD,clopez@gmail.com,PHL
791,Karen,Chung,nancy11@gmail.com,CZE
792,Samantha,Phillips,zandrews@higgins.com,IRQ
793,Jared,James,catherine30@yahoo.com,IDN
794,Jessica,Rogers,richardgill@harris.com,MDV
795,Dean,Reilly,danielchung@martinez-farmer.com,BRA
796,Kara,Ward,tvelez@nunez-king.com,IRQ
797,Amber,Golden,yreed@fernandez.org,CPV
798,Lisa,Choi,terri55@martinez.com,PRT
799,Henry,Mccarthy,coryaustin@briggs-burgess.com,TGO
800,Catherine,Flores,allison41@gmail.com,MUS
801,Amanda,Berry DDS,fredericklewis@hutchinson.net,ZWE
802,James,Stewart,qbecker@gmail.com,NOR
803,Katie,Price,lisacollins@hotmail.com,IDN
804,John,Fields,xshepherd@gmail.com,JAM
805,Lisa,Gomez,ymarquez@smith.org,OMN
806,Evelyn,Walker,thomasdavis@dominguez.com,BGR
807,Shannon,Huerta,caitlinpatel@gmail.com,PRT
808,Ashley,Nichols,rebecca97@hotmail.com,PRT
809,George,Gaines II,garciasharon@smith.info,UKR
810,Sonya,Snyder,perryjay@hoffman-anderson.info,BIH
811,Angelica,Luna,vanessawilson@sanchez-brennan.com,ARG
812,Marc,Evans,pamela39@holmes.com,BGD
813,Steven,Evans,tpeters@gmail.com,POL
814,Trevor,Porter,amanda68@rocha-williams.info,DZA
815,Glenn,Murphy,april56@hotmail.com,BRB
816,Scott,Edwards,uparker@nichols.com,PRT
817,Zachary,Barron,collinsbarbara@long.com,PRT
818,Scott,Smith,nicole56@cummings.com,SUR
819,Jessica,Wilson,rhondakeller@nelson-carroll.biz,VEN
820,John,Smith,johnsonruben@lee.net,MAC
821,James,Bates,debra05@peterson.com,AUS
822,Anna,Evans MD,moralesdavid@hotmail.com,ARM
823,Sabrina,Torres,tgonzalez@yahoo.com,CIV
824,Laura,Price,silvakatelyn@yahoo.com,VEN
825,Danielle,Cervantes,miranda18@hotmail.com,CAF
826,Karen,Lopez,duane35@gmail.com,IRL
827,John,Adams,kaiserrodney@wallace.net,MKD
828,Andrew,Brown,nicholas44@salinas.info,QAT
829,Kristen,Chaney,francisjames@martin.org,PRT
830,Rose,Garcia,bcastro@yahoo.com,UKR
831,Brandy,Joyce,lopezmichael@ward.com,PRT
832,Adrian,Costa,ogilbert@baker-mills.com,BEL
833,Briana,Perez,angela59@gmail.com,HKG
834,Sandra,Snyder,williamstimothy@hotmail.com,AGO
835,Darren,Gray,leonardwillis@yahoo.com,PRT
836,Brandon,Franklin,wigginskatherine@hotmail.com,FIN
837,Shawna,Medina,bbarron@acosta-smith.com,CHL
838,Andrew,Brown,michelle77@hotmail.com,PRT
839,Victoria,Johnson,april31@moore.net,PRT
840,Mr.,Edgar Bennett,eric82@brooks-romero.com,FRA
841,Jessica,Coleman,sherrihouston@ortiz-santiago.com,NOR
842,Madeline,Fisher,cwilliams@holmes.net,FIN
843,Hannah,Morgan,johnsonanthony@yahoo.com,CHL
844,David,Nash,zclayton@johnson.net,NZL
845,Brian,Kelly,nramirez@gmail.com,PRT
846,Yolanda,Rose,lisastewart@gmail.com,CHE
847,Megan,Jones,sanchezmckenzie@yahoo.com,PRT
848,Patrick,Carter,makayla52@hotmail.com,HKG
849,John,Tanner,brandiryan@hotmail.com,QAT
850,Stacy,Sanchez,cvaughn@gmail.com,ARG
851,Matthew,Cook,nelsondonald@owens-gardner.com,ARG
852,Tiffany,Wilson,morrisamber@oneill-ward.biz,LVA
853,Ann,Swanson,christopheralexander@clark.org,DNK
854,Connie,Scott,mariahooper@tucker-mccormick.com,ZAF
855,Mr.,Bryan Taylor,jthompson@yahoo.com,PER
856,Michael,Rocha,vlynch@gmail.com,ARG
857,Rodney,Price,bishophenry@thompson.com,PRT
858,Randy,Cross,smithmelissa@hotmail.com,MLT
859,Amber,Hale,kim24@baker-conner.com,PRT
860,Kyle,Raymond,ann09@yahoo.com,LTU
861,Julie,Carlson,cantrellamber@yahoo.com,DEU
862,Kimberly,Weber,colemansarah@yahoo.com,SEN
863,Lori,Olson,christophercurry@yahoo.com,GAB
864,Blake,Landry,smithjoseph@yahoo.com,MKD
865,William,Moyer,anthonymorrison@blackwell-haynes.com,AUT
866,Shelby,Bond,nealmelanie@jackson.com,DOM
867,Laura,Flores,bryantkenneth@glass.com,EGY
868,Jonathan,Smith,sarah81@gmail.com,CZE
869,Charles,Davis,williamsmichael@yahoo.com,GNB
870,Jacqueline,Harris,kayla62@jensen-hood.com,EST
871,Sheila,Barker,andrew37@yahoo.com,PRT
872,Mary,Rubio,wlowery@gmail.com,CMR
873,Candice,Brown,pkrueger@hotmail.com,MLT
874,Julie,Tate,nicholas50@hotmail.com,ISR
875,Michelle,Foster,crodriguez@stewart-phelps.com,ITA
876,Tiffany,Howard,laurensmith@fisher-brown.com,PRT
877,Samantha,Evans,wadedavid@hotmail.com,GNB
878,Kristin,Houston,floresdawn@cummings.com,VNM
879,Christine,Hancock,curtis75@hotmail.com,CYP
880,Angela,Castillo,kmoore@yahoo.com,TUR
881,Stacy,Malone,ncook@chambers.org,AZE
882,Lisa,Bush,tiffany00@hotmail.com,LBN
883,Laura,Bush,john70@williams-frye.com,PAK
884,Dana,Garcia,dannywatkins@hotmail.com,PRT
885,Angela,Arnold,whill@yahoo.com,EGY
886,Bobby,Nunez,cruzbarbara@gmail.com,OMN
887,Bobby,Kennedy,nicolebridges@hall-martinez.com,LAO
888,Angela,Villarreal,dominguezdavid@harper-foster.com,PRT
889,Tyler,Jenkins,qsanchez@gmail.com,KEN
890,Courtney,Ford,tina08@yahoo.com,SAU
891,Heather,Cowan,dpatel@gmail.com,CHE
892,Brian,Barron,lindsey59@hotmail.com,MAR
893,Sean,Dyer,ureeves@bentley.net,JPN
894,Ronald,Peters,taylorerica@rodriguez-buck.biz,PER
895,Paige,Perez,harrykrueger@macdonald.biz,LKA
896,Michelle,Myers,grahamkent@smith-collins.com,LVA
897,Mr.,Jeremy Jackson Jr.,xbailey@gmail.com,ISR
898,Mary,Donaldson,brendamorales@turner.info,MYT
899,Roger,Lucas,yvonneyoung@yahoo.com,PER
900,Mary,Stewart,robbinsjenna@gmail.com,PRT
901,Nancy,Underwood,rtaylor@hotmail.com,MYS
902,John,Goodwin,mbrown@hotmail.com,GBR
903,Aaron,Turner,brian26@yahoo.com,MUS
904,Mary,Patton,jessica43@gmail.com,GIB
905,Anna,Mann,jonessean@schmidt-potter.info,GIB
906,Sabrina,Smith,pstrong@blackburn.com,KOR
907,Gary,Sexton,destinylam@yahoo.com,SEN
908,Beverly,Johnson,eporter@thompson.com,PRT
909,Jessica,Gillespie,curtiswendy@hotmail.com,MNE
910,Christine,Johnson,stephen54@gmail.com,TUN
911,Kara,Hicks,sabrinathompson@hotmail.com,GRC
912,Sarah,Rodriguez,christinepotts@gmail.com,PRT
913,Jason,Hill,afranco@gmail.com,CN
914,Jean,Jordan,warddenise@gmail.com,GRC
915,Cynthia,Young,dawn38@hotmail.com,LKA
916,Ashley,Walker,edward00@hotmail.com,PAK
917,Samantha,Porter,mcruz@morris.com,MUS
918,Warren,Ford,william80@davis.com,CMR
919,Julie,Wallace,roberttaylor@williams.net,CHL
920,Steven,Burgess,zwalker@hotmail.com,GEO
921,Anthony,Shields,mitchelldanny@yahoo.com,AZE
922,William,Mckay,aoconnor@martinez.biz,PRT
923,Lisa,Carter,taylor11@gmail.com,SAU
924,Daniel,Rivera,keith70@gmail.com,AUS
925,Larry,Castillo,lisamitchell@yahoo.com,CZE
926,Kristen,Barr,roberttran@yahoo.com,MAC
927,Robert,Adams,michelebanks@bass-coleman.org,MDV
928,Maria,Anderson,travis64@gmail.com,MKD
929,Philip,Randall,michaellawson@gardner.info,PRT
930,Theresa,Carter MD,phillip24@sexton.com,CN
931,Shannon,Stephens,vickie91@berry-washington.com,USA
932,Paul,Richardson,gmitchell@yahoo.com,NGA
933,Sarah,Lewis,colin90@bradley.biz,ZAF
934,Kyle,Alexander,tonyawilliams@yahoo.com,CIV
935,Nicole,Little,chapmanjohn@gmail.com,ESP
936,Rachel,Schneider,nicoledelgado@price.com,EGY
937,Mr.,John Turner,jacobbrewer@yahoo.com,PRT
938,Katrina,Lopez,sparker@johnson.com,MEX
939,Melissa,Lloyd,kristen93@cohen.com,PRT
940,James,Miller,donald98@hotmail.com,KAZ
941,Michael,Davidson,paulsullivan@hotmail.com,PRT
942,Anthony,Sims,coltonbell@elliott.com,BEL
943,Katherine,Fischer,laura89@hotmail.com,CHN
944,Christopher,Bryant,steven01@yahoo.com,CAF
945,Marie,Gallegos,cwhite@hotmail.com,PRT
946,Mark,Boyd,othompson@anderson.com,NGA
947,Michael,Nelson,shelleydavis@rivas.info,ITA
948,Tracey,Smith,chill@yahoo.com,BRA
949,Dana,Oneill,ryangarcia@lynch.org,MAR
950,Christine,White,taylorrebecca@gutierrez-fowler.net,MNE
951,Vanessa,Murray,dana33@hernandez.biz,PRT
952,Pamela,Eaton,bbrock@hotmail.com,PRT
953,Sarah,Graham,myerskevin@morris.org,THA
954,Travis,Jefferson,stephanie63@hotmail.com,CYP
955,Shaun,Gonzales,reyesanthony@johnson.com,PRT
956,Jacob,Smith,nicholas50@hotmail.com,KEN
957,Erik,Gutierrez,lisamcneil@jacobson.com,PRT
958,Angela,Bruce,savannahhernandez@yahoo.com,LVA
959,Gregory,Howard,nicole25@flores.com,IRQ
960,Kenneth,Pace,tallen@lopez.com,DNK
961,Brooke,Henderson,smithscott@hotmail.com,BGR
962,David,Rogers,boydemily@holden.com,AUT
963,Douglas,King,nguyenraymond@orozco.net,IRQ
964,Michael,Johnson,sanchezwilliam@moss.com,PAN
965,Lance,Hernandez,robert55@chavez-carr.com,PRT
966,Jennifer,Espinoza,milespatrick@barton-stewart.net,SYR
967,Leslie,Walker,pottergregory@hotmail.com,URY
968,Kayla,Burke,christinemorgan@brown-anderson.com,PRT
969,Peter,Buck,bakerthomas@hotmail.com,PRT
970,William,Burton,brian37@smith-guzman.biz,CZE
971,Matthew,Martinez,mrivera@gmail.com,PAK
972,Jennifer,Moore,thomasharold@ross.com,CMR
973,Sherri,Dunn,wpalmer@walker-dudley.com,BEL
974,Andrew,Mann,sharon81@hughes.org,ISL
975,Phillip,Pugh,marycaldwell@hotmail.com,PRT
976,Kenneth,Peters,wjackson@gmail.com,ATA
977,Daniel,Weiss,youngmichael@rodriguez.com,PRY
978,Ricky,Diaz,christopher67@hotmail.com,PRT
979,Jeff,Hensley,gatesmary@moore-wood.biz,HUN
980,Jesse,Kidd,tinagonzalez@hotmail.com,PRT
981,Christina,Black,courtney49@meadows-lopez.com,MYS
982,Destiny,Mercer,kelseyjohnson@hotmail.com,PRT
983,Donna,Allen,jessica20@gmail.com,LBN
984,Christina,Willis,cory58@gmail.com,HUN
985,Philip,Richardson,matthewtaylor@gmail.com,PRT
986,Shawn,Powell,ffoster@yahoo.com,PRT
987,Tanner,Cannon,ofox@gmail.com,SUR
988,Mary,Cherry,caldwellariana@gmail.com,TZA
989,Karen,Martin,hebertemily@hotmail.com,JAM
990,Kayla,Alvarado,alvaradojimmy@yahoo.com,SRB
991,Matthew,Rogers,jamesdanielle@ryan.net,PRT
992,Rachel,Dorsey,brooksjennifer@miller-wilson.biz,BHR
993,Jessica,Ford,katrina28@swanson.com,PRT
994,Jerry,Miller,gwoods@yahoo.com,MKD
995,Patrick,Sherman,stephanie04@greene-davis.com,LBY
996,Daryl,Brown,gbell@freeman.biz,LBY
997,Victor,Johnson,linda10@robinson.com,IDN
998,Phillip,Blanchard,bjohnson@williams.com,KOR
999,Samuel,Mcfarland,jchen@austin-johnson.com,CAF
1000,Beth,Shaw,swoodard@gmail.com,JPN
1001,Bradley,Morgan,uwallace@yahoo.com,PRT
1002,Dawn,Delgado,barbarasmith@jones-faulkner.org,BRB
1003,Danielle,Vega,stacy55@day.net,GIB
1004,Kiara,Blair,crystalhernandez@hotmail.com,LBY
1005,Nancy,Burke,john18@rodriguez-velasquez.com,LKA
1006,Carla,Baird,criley@hotmail.com,COL
1007,Brooke,Fritz,qgarza@clark-hernandez.net,JOR
1008,Leonard,Terry,adam39@hotmail.com,OMN
1009,Donald,Ramsey,maxwellgeorge@harris-hubbard.com,JPN
1010,Matthew,White,gregorywood@west.com,FRO
1011,Robert,Singh,natalie05@gmail.com,AUT
1012,David,Rogers,jennifer23@gmail.com,PRT
1013,Walter,Jordan,debra76@maldonado-gates.biz,PRI
1014,Jessica,Smith,rogerseugene@jackson-montgomery.com,JOR
1015,Kathleen,King,edavenport@duffy.com,AZE
1016,Melissa,Murray,qmoreno@yahoo.com,GIB
1017,Kenneth,Murphy,stevenfields@mitchell.com,SUR
1018,Darryl,Brown,paularasmussen@mccoy.com,MAC
1019,Evan,Davis,kristishort@yahoo.com,KEN
1020,Angela,Johnson,zlopez@nelson.com,BOL
1021,Mary,Thomas,kristinwright@morgan.org,SVN
1022,Elijah,Rhodes DVM,castilloalex@yahoo.com,PRT
1023,Jesse,Crawford,lewisphyllis@gmail.com,PRT
1024,Duane,Burton,abigaillopez@hotmail.com,DNK
1025,Timothy,Mckee,molinarandall@robles-boyd.net,BIH
1026,Mary,Olson,jrodriguez@salinas.com,PRT
1027,Mr.,Stephen Callahan,catherine82@yahoo.com,CRI
1028,Deanna,Potter,bsparks@gmail.com,GEO
1029,Marcus,Smith,leslie02@hotmail.com,ROU
1030,Jose,Mccarthy,sean12@gmail.com,MLT
1031,April,Adkins,linda39@roberson.net,VEN
1032,Nicole,Jones,klee@gmail.com,PHL
1033,Mary,Martinez,rachel13@yahoo.com,ARM
1034,Laura,Herrera,patriciapark@yahoo.com,ARE
1035,Shannon,Alvarez,jason82@warner.org,PRT
1036,Jason,Estrada,chaseterri@nelson-lee.org,JAM
1037,Courtney,Tyler,davidhuff@powell.net,PRT
1038,Maurice,Waters,jeffreygarza@yahoo.com,MCO
1039,Brian,Miller,aprildavis@hotmail.com,PRT
1040,Eric,Ross,burgessbrian@tucker-villarreal.com,GRC
1041,Angela,Martinez,bradleystephen@gmail.com,PAK
1042,Trevor,Barnett,meltonjacqueline@bennett.com,HUN
1043,Jesse,Lee,lsandoval@harvey-barton.com,THA
1044,Jeffrey,Brooks,cynthiamiller@gamble-pierce.com,HKG
1045,Dennis,Rogers,jennifer26@yahoo.com,TWN
1046,Charles,Mullins,amorris@yahoo.com,MDV
1047,Daniel,Miller,popestephen@yahoo.com,CYP
1048,Allen,Graham,bobby24@meyer.biz,BRA
1049,Angela,Moran,craig30@thomas.biz,PRT
1050,John,Pope,david05@yahoo.com,MNE
1051,Russell,Jones,fallen@larson.com,RUS
1052,Judith,Clements,emitchell@reyes-butler.biz,IRL
1053,Sandra,Smith,kathleengalloway@lee.com,PRT
1054,Brittany,Wyatt,cmorse@hotmail.com,GIB
1055,David,Christian,barneseric@hotmail.com,CPV
1056,Holly,Moreno,simonlinda@young.info,PRT
1057,Adam,Haynes,oenglish@leach.com,TUN
1058,Edgar,Harper,penningtonjames@hall.net,LBY
1059,Dillon,Bush,bowenjasmine@burke.com,JEY
1060,Brian,Proctor,estephenson@hotmail.com,PRI
1061,Samantha,Schneider,bowennicole@church-simmons.info,ISR
1062,Christina,Gomez,maddenjudith@sanchez-greene.com,MUS
1063,Johnny,Patel,fisherdavid@yahoo.com,KNA
1064,David,Walter,mli@rivera.com,GNB
1065,Jeffrey,Dennis MD,carla53@bailey.com,MUS
1066,Sara,Sellers,alfredmorales@yahoo.com,IRQ
1067,Peter,Reed,donald98@sanchez.info,CAF
1068,Tiffany,Johnson,ldavis@williams.biz,PRT
1069,Lindsey,Jones,chelsea27@lowe-cobb.com,EGY
1070,Denise,Villa,xritter@jackson-chen.org,LUX
1071,Bonnie,Martin,dudleyamy@gmail.com,TZA
1072,Joseph,Scott,ohodge@yahoo.com,PRT
1073,Jose,Mitchell,valerie96@esparza-garza.com,PRT
1074,Gabriel,Wilson,wagnerruth@hotmail.com,KWT
1075,Renee,Gomez,anitapeterson@moss.org,IRQ
1076,Allen,Roman,martinezdebra@hotmail.com,PRT
1077,Laurie,Shaffer,lhampton@gmail.com,PRT
1078,James,Bush,vhicks@gutierrez-austin.com,KWT
1079,Zoe,Jackson,harrisongeorge@gmail.com,PRT
1080,Ralph,Day,kaitlin06@baker-estes.com,ISR
1081,Shannon,Johnson,hdougherty@gmail.com,SYC
1082,Nathaniel,Williams,danielanthony@ramos-ford.com,IRQ
1083,Sharon,Fry,bullockkimberly@gmail.com,LVA
1084,James,Pitts,hortonrenee@hotmail.com,THA
1085,Lori,Martinez,julieball@lee-castro.com,AZE
1086,Amber,Watts,staceyduncan@garcia.com,PRT
1087,Tammy,Hayes,parsonsthomas@gmail.com,CMR
1088,Michael,Ramos,moseserin@peterson.com,SVN
1089,Manuel,Jones,markgill@arnold.com,BLR
1090,Margaret,Martin,taylordiana@molina-owens.com,PRT
1091,Cynthia,Rollins,williamsdavid@yahoo.com,PRT
1092,April,Jones,brianherrera@robinson-johnson.com,CAF
1093,Laurie,Baldwin,jennifer10@bailey.org,NOR
1094,John,Lewis,anthonymitchell@thompson.net,GIB
1095,Peter,Gaines,psavage@tyler.com,NZL
1096,James,Shelton,charles48@yahoo.com,ROU
1097,Matthew,Taylor,brianhernandez@gomez-walters.com,POL
1098,Lisa,Hunter,zfrye@yahoo.com,BRB
1099,Ashley,Powell,fernandezbreanna@schroeder-diaz.com,IND
1100,Alexis,Mitchell,ycoleman@yahoo.com,GBR
1101,Brian,Wise,jenkinsjason@yahoo.com,LBN
1102,Joann,Williams,cameronmanning@smith.com,BHR
1103,Jeffrey,Rivera,kingerica@marquez-johnson.net,KAZ
1104,Alex,Dean,michael97@yahoo.com,BLR
1105,Randy,Henson,christophermurray@gmail.com,PRT
1106,Michelle,Bullock,garciajennifer@clark.net,TWN
1107,John,Carter,amy65@tanner.com,VNM
1108,Stacey,Anderson,hollyweiss@mccarthy-matthews.com,PRT
1109,Donald,Willis,jessica83@grimes.biz,CZE
1110,Julie,Howard,michaelbryant@hotmail.com,PAN
1111,Melissa,Brooks,ianjohnson@yahoo.com,DZA
1112,Stephen,Lucas,fholloway@moore-reeves.biz,PRT
1113,Charles,Ward,nicholas01@hotmail.com,TUN
1114,Lisa,Garcia,colekimberly@yahoo.com,TUN
1115,Michael,Lee,racheltorres@gmail.com,EGY
1116,Mr.,Kenneth Thompson,bbowen@thomas.info,PRT
1117,John,Snow,dawn37@harding.org,MOZ
1118,Levi,Hernandez,pagejason@yahoo.com,TWN
1119,Nicole,Gomez,gthompson@martinez.com,JPN
1120,Sarah,Peterson,andrew75@fleming.info,FRA
1121,Samantha,Miller,paige12@hotmail.com,QAT
1122,Debra,Ballard,fwilson@fox.com,PRT
1123,Jeffrey,Young,morganelliott@anderson-hull.com,JOR
1124,Gina,Johnson,walkerdavid@gmail.com,SRB
1125,Anthony,Smith,michael05@andrade.org,ARM
1126,Jason,Perez,alexandria93@brown.com,PRT
1127,Amy,Johnson,barneschristine@hotmail.com,TWN
1128,Tara,Adams,melindanelson@cook-curry.info,KWT
1129,Brandi,Peterson DDS,josephsnyder@hotmail.com,ECU
1130,Tyler,Cunningham,martinerin@young.org,PRT
1131,Zachary,Williams,watersnicholas@gallegos.com,PRT
1132,Elizabeth,Hall,loretta17@pennington.com,LBN
1133,Dustin,Thompson,anthonysarah@larsen-scott.info,SWE
1134,Gary,Wiley,wandarice@hotmail.com,NLD
1135,Thomas,Garcia,bradleyhill@yahoo.com,MUS
1136,Jeremy,Jennings,maria81@freeman.com,BRB
1137,Michelle,Franco,taylorjames@thomas.com,DEU
1138,Christine,Neal,kayla26@yahoo.com,BOL
1139,Terry,Camacho,jacob27@gmail.com,BGD
1140,Ronald,Davis,diane53@sandoval-richards.org,EGY
1141,Kendra,Parrish,astevenson@lane-mckay.com,SGP
1142,William,Hudson,lucerodiane@gmail.com,HUN
1143,Samuel,Schmidt,jodimartin@ward.com,PRY
1144,Brenda,Collins,yvonne40@brown.org,DNK
1145,Nancy,Morales,hurststephanie@yahoo.com,CHN
1146,Zachary,Brown,sean03@arnold-huffman.com,IRN
1147,Brian,Taylor,inelson@yahoo.com,PRT
1148,Melissa,Hernandez,rodriguezemily@yahoo.com,JAM
1149,Andrew,Jones,amber75@hale-campos.info,ARM
1150,Douglas,Carroll,carla27@lynn.biz,DZA
1151,Ana,Garcia,sarah53@yahoo.com,THA
1152,Lacey,Martinez,andersonjeremy@preston-english.info,PAN
1153,Ricky,Ross,ustout@yahoo.com,BEL
1154,Allen,Stein,pamela84@jones-vasquez.info,BGR
1155,Lisa,Shannon,roachscott@gmail.com,STP
1156,Sarah,Hall,stevenchang@walker-evans.com,MKD
1157,Mitchell,Zimmerman,abigailharris@gmail.com,PRT
1158,James,Davis,villarrealdouglas@flores.com,CUB
1159,Katelyn,Lynch,johnlopez@norman.net,VNM
1160,Laura,Hinton,benjamin00@yahoo.com,DEU
1161,Richard,Kennedy,jeffrey29@gmail.com,KEN
1162,Karen,Garcia,jennahardy@gmail.com,KEN
1163,Dr.,Michael Jacobson,amy87@gmail.com,PRT
1164,Caitlin,Russell,toddsmith@yahoo.com,BHR
1165,Jasmine,Shepherd,morrisrenee@gmail.com,MKD
1166,Brenda,Mcmillan,michael73@mccall.com,ISR
1167,Maria,Sampson,parksjeffrey@hotmail.com,ABW
1168,David,House,eric61@gmail.com,AGO
1169,Frederick,Ponce,erica51@gmail.com,PRT
1170,Brittany,Brown,owenslynn@gmail.com,TZA
1171,Jason,Graves,sharonwilliams@gmail.com,DOM
1172,Jack,Collins,lewisjonathan@hotmail.com,CUB
1173,Clifford,Brown,jrussell@decker.net,NGA
1174,Derek,Hayes,christy65@gmail.com,PRT
1175,Christopher,Jenkins,clarksuzanne@hall.com,ISL
1176,Megan,Torres,mathew51@nguyen.com,BHR
1177,Cassidy,Patterson,shawncarpenter@wheeler.com,CUB
1178,Adam,Vaughan,rachelarnold@hotmail.com,TMP
1179,Timothy,Anthony,qwatts@miller.com,BHR
1180,Roy,Miller,payneisabel@gmail.com,PRT
1181,Hannah,Ramos,vegalinda@yahoo.com,IND
1182,Mark,Salinas,kanekelsey@hotmail.com,BOL
1183,Stephanie,Sullivan,jessicarice@gmail.com,NOR
1184,Christopher,Woodward,sgolden@gmail.com,FRO
1185,Peggy,Hill,vanessabarnes@caldwell.info,KAZ
1186,Alyssa,Mckenzie,davisvanessa@bradley.com,IDN
1187,Patricia,Kim,darrylyates@gmail.com,AND
1188,John,Johnson,kristin23@bryan.com,PRT
1189,Samuel,Carpenter,mgutierrez@wilson.com,JOR
1190,Andrew,Pierce,tkerr@hotmail.com,ISL
1191,Rachel,Fisher,matthew44@garcia-warren.com,IND
1192,Andrea,Dunn,charlene94@pearson.com,USA
1193,Gina,Vincent,patriciajohnson@yahoo.com,AUT
1194,Kenneth,Ball,shortveronica@hanson.com,SUR
1195,Marilyn,Pearson,ehood@gmail.com,PRT
1196,Richard,Morrow,fbaker@gmail.com,ROU
1197,Alex,Mercer,olsontaylor@pacheco.biz,CYP
1198,Terry,Jackson,xschmitt@gmail.com,PRT
1199,Jose,Graham,maurice67@yahoo.com,CMR
1200,Sheena,Armstrong,williamsdanny@ray.com,PRT
1201,Joshua,Davis,hjohnston@gmail.com,PRT
1202,Emily,Nolan,barbara44@gmail.com,AUS
1203,Rebecca,Jones,patrick36@hotmail.com,IDN
1204,Tara,Ferrell,hintonjennifer@russell.com,PRT
1205,John,Lawson,dcrawford@hotmail.com,PRT
1206,Paul,Jones,millerfred@newman-wilson.com,CMR
1207,Alyssa,Jensen,shannon18@rogers.com,JEY
1208,Scott,King,brandon94@hotmail.com,HUN
1209,Ashley,Roman,daniel08@murray-nguyen.com,CHL
1210,Keith,Young,maynardalexandra@jarvis-kennedy.com,NGA
1211,Richard,Baker,ricewilliam@bauer.com,JPN
1212,Angel,Snyder,andreawilson@scott.org,HUN
1213,Theresa,Knapp,rodriguezlynn@gmail.com,PAK
1214,Wendy,Greer,xcoleman@lucas.biz,MOZ
1215,Steven,Pennington,wkelley@yahoo.com,SVK
1216,Nicholas,Armstrong,michael49@watson.com,SRB
1217,Jason,Juarez,nathanielpowers@hotmail.com,MYS
1218,Thomas,Doyle,austinrodriguez@douglas.com,UKR
1219,Casey,Myers,oedwards@gmail.com,CHL
1220,Kristin,Schaefer,kellyconley@shields.com,SVN
1221,Miranda,Mills,michelle13@decker.org,GEO
1222,Rebecca,Graves,larry26@brown-baird.com,JEY
1223,Steven,Davis,michaelhenry@grant-miles.net,ITA
1224,Laura,Smith,michaelward@spears.com,NOR
1225,Amanda,Shah,austinmaria@yahoo.com,IRN
1226,Kayla,Bernard,whoover@richardson.com,CRI
1227,Francisco,Campbell,drichardson@riley.com,SGP
1228,William,Brown,bautistajacob@yahoo.com,KAZ
1229,Regina,Harris,jessicadavis@jones.com,KEN
1230,Thomas,Phillips,michaelrobertson@hotmail.com,ROU
1231,Sharon,Chen,orodriguez@hotmail.com,AUS
1232,Catherine,Glover,fmanning@gmail.com,ESP
1233,Robert,Wilson,randalljackson@carr.com,PRT
1234,Tammy,Serrano,thomassophia@green.com,TJK
1235,Ricardo,Cardenas,owenstracy@williams.org,PER
1236,Andrew,Steele,josephhatfield@jefferson.com,PRT
1237,Benjamin,Parker,fordchristopher@hotmail.com,CHN
1238,Peter,Smith,ewilson@horne.net,SWE
1239,Derrick,Alvarez,tmckee@yahoo.com,GBR
1240,Katherine,Young,carlweber@galvan-gibson.com,PRT
1241,Michael,Cruz,vmanning@jackson.info,PER
1242,Crystal,Fernandez,laurahayes@hotmail.com,EST
1243,Mrs.,Kayla Nguyen,inelson@yahoo.com,MEX
1244,Crystal,Davis,brittany50@frank.biz,PRT
1245,Mary,Taylor,allenmegan@hotmail.com,PRT
1246,Jesus,Rowe,emccormick@hotmail.com,PRT
1247,Karen,Martinez,amandadaugherty@yahoo.com,CUB
1248,Nicole,Alexander,schneiderpeter@rush.com,PRT
1249,Mrs.,Alicia Frazier,fsmith@gmail.com,GNB
1250,Ryan,Collins,austinbailey@davis-baker.net,FIN
1251,Stephanie,Nash,patriciasmith@hotmail.com,IRN
1252,Joshua,Buchanan,dharris@yahoo.com,LKA
1253,Dawn,Harrell,shannonlopez@hotmail.com,PRY
1254,Tina,Green,kgross@diaz.org,PRT
1255,Jessica,Ward,thomas58@flynn.info,PRT
1256,Brandon,Jones,shorton@gmail.com,PRT
1257,Teresa,Alvarez,jennifer14@hotmail.com,PRT
1258,Teresa,Meyer,andersonmatthew@jones.net,LTU
1259,Alexandra,Moore,johnsonmaria@gmail.com,JOR
1260,Ronald,Perry,vwhite@yahoo.com,PRT
1261,Melissa,Miller,sanchezchristopher@tran.org,PRT
1262,Kimberly,Miller,glenn86@gmail.com,LVA
1263,Kelly,Walker,mary77@hotmail.com,DZA
1264,Casey,Jones,scott23@yahoo.com,SVN
1265,Patricia,Arias,bryan33@yahoo.com,PER
1266,Kimberly,Doyle,michelle94@gmail.com,ARE
1267,Amy,Fox,ohenry@hill.net,KAZ
1268,Vincent,Jacobson,arellanojessica@patton.com,IRQ
1269,Emily,Morrison,weberpeter@gmail.com,BIH
1270,Michael,Moore,lesliemorales@yahoo.com,PRT
1271,Jose,Brown,heather21@yahoo.com,URY
1272,Renee,Martinez,lauragarrett@hotmail.com,NGA
1273,Amanda,Reyes,cameronjamie@johnson.com,BGD
1274,Jose,Fletcher,ssmith@barnett-sanders.com,NOR
1275,Anthony,Gutierrez,michelle23@ruiz.info,JOR
1276,John,Powers,mccalldarlene@hotmail.com,DEU
1277,Lindsay,Gay,lee17@gmail.com,GRC
1278,Amy,Gibson,ycook@hotmail.com,MLT
1279,Colton,Williamson,brenda13@hill.com,JAM
1280,Ralph,Farmer,lvazquez@esparza-perry.com,HRV
1281,Jessica,Anderson,sarah56@maxwell.com,LTU
1282,Anita,Trevino,jennawarner@hotmail.com,PRT
1283,Erik,Woods,lshepherd@hughes.net,PRT
1284,Larry,Thomas,tyronegriffin@hotmail.com,BRA
1285,Brian,Woodward PhD,christopherpeterson@lawrence.com,FRA
1286,Patrick,Richardson,angelalittle@ewing.com,SAU
1287,Kristin,Peters,zgibson@lopez.com,IND
1288,Teresa,Gibbs,carlosdillon@marks.com,SUR
1289,Debra,Johnson,bennettlisa@bradshaw.com,SAU
1290,Jon,Baker,kelly90@hotmail.com,NZL
1291,Kimberly,Johnson,butleradam@dillon.net,PRT
1292,Shannon,Fuentes,lorirogers@jones.info,BOL
1293,Jennifer,Clark,lindsay90@odom.com,PRT
1294,Steven,Jenkins,stephanie07@fox.com,HUN
1295,Jennifer,Cruz,jonathan03@foster.com,PRT
1296,Joshua,Taylor,singletonlori@yahoo.com,VEN
1297,Emily,Gonzalez,oliverbrandon@hotmail.com,MUS
1298,Rebecca,Johnson,barbernicole@white.info,PRT
1299,Shannon,Mcdonald,jasonfigueroa@young.com,BGD
1300,Belinda,Pierce,lauriedecker@gmail.com,SRB
1301,Brian,Conner,brownjohn@cain-rogers.com,PRT
1302,Mrs.,Hannah Velasquez DVM,richard20@edwards-soto.net,SGP
1303,Jessica,Wiggins,steven86@hotmail.com,ISL
1304,Shelby,Ellison,ramirezeric@lee.com,PRT
1305,Jennifer,Herring,kmendoza@hotmail.com,PRT
1306,Jasmin,Patterson,datkinson@stewart.org,NGA
1307,Stephanie,Valentine,steven39@smith.com,TUN
1308,Eric,Jimenez,umoreno@grant.com,BGR
1309,Stephen,Brown,rachelbrooks@lang.biz,PRT
1310,Patricia,Hall,carmstrong@dudley-gordon.com,MLT
1311,Jeremy,Anderson,saundersluke@gmail.com,LBY
1312,Natalie,Ingram,bryan64@yahoo.com,IRN
1313,Evan,Knight,cameronwalker@yahoo.com,ISR
1314,Dennis,Frank,michaelgonzales@gmail.com,ALB
1315,Aaron,Bradford,onealtammy@hughes-humphrey.com,PRT
1316,Brooke,Harris DVM,johnathanjimenez@miller-ford.com,MEX
1317,Andrew,Delacruz,acummings@ayala.com,PAK
1318,Ellen,Coffey,ortegajames@delgado.com,FRA
1319,Angela,Stout,jessehale@king-pruitt.com,NOR
1320,Ms.,Jessica Rodriguez MD,brandicowan@yahoo.com,PRT
1321,Robert,Rivers,leelisa@galvan.com,PRT
1322,Timothy,Jackson,ldaugherty@cooper-henderson.info,SUR
1323,John,Cameron,ghudson@wallace.com,HRV
1324,Paul,Acosta,glasskristin@hotmail.com,LVA
1325,Ronnie,Harris,wgarcia@yahoo.com,BOL
1326,Michael,Powell,rubennovak@gmail.com,GAB
1327,Donald,Morales,hdonaldson@hotmail.com,LBN
1328,Brittany,Hill,bairdmonica@thompson.biz,EGY
1329,Denise,Stevens,sdaniels@delgado-white.com,PRT
1330,Karen,Cline,mathewgarcia@montgomery-jones.com,AGO
1331,Robert,Daniel,mwhite@yahoo.com,SUR
1332,Stephanie,Orr,tchristensen@gmail.com,LUX
1333,Michael,Brown,fletcherlouis@yahoo.com,GRC
1334,Wayne,Freeman,melissagreene@lopez.com,LBN
1335,Gary,Kennedy,bettysmith@bright.com,AUT
1336,Jordan,Lawson,katherine29@yahoo.com,PRT
1337,Miguel,Torres,smay@yahoo.com,PRT
1338,Paula,French,hmata@mcmillan-williams.com,PRT
1339,Stacy,Ramirez,bryan18@chen-garner.com,MAR
1340,Jeanne,Pierce,bkim@gmail.com,SWE
1341,Linda,Skinner,christophertorres@howell.com,PRT
1342,Wayne,Higgins,james87@gmail.com,MNE
1343,William,Haynes,shannon72@armstrong-phillips.com,VNM
1344,Adam,Phillips,stephanie04@rivera.com,ARG
1345,Christopher,Johnson,david20@gmail.com,JAM
1346,William,Bell,zmendez@hotmail.com,TWN
1347,Kevin,Clark,parrisherin@pierce.com,PRT
1348,Linda,Smith,wagnerkimberly@hotmail.com,PRT
1349,Sharon,Lee,porterjonathan@evans.com,LTU
1350,Joshua,Mcmahon,grayregina@yahoo.com,DOM
1351,Donald,Rhodes,aaron30@reed.com,UKR
1352,Chase,Powell,charlesfuller@nicholson-hardy.com,PRT
1353,Mario,Anthony,baileybrittany@holland-schultz.org,ARM
1354,Daniel,Matthews,jeffersonmatthew@gmail.com,MYS
1355,Timothy,Hart,jroy@hotmail.com,IDN
1356,Kathleen,Romero,brandy31@daniel-santiago.org,CHL
1357,Randy,Mathews,brooke38@gmail.com,CAF
1358,Christine,Marks,orodriguez@burch.net,CYP
1359,Leslie,Kaiser,donaldsmith@gmail.com,PRT
1360,Derek,Williams,cartertonya@carter.com,PRT
1361,Justin,Farley,egonzalez@perry-rodriguez.org,CUB
1362,Anne,Kane,anthony47@lozano.com,MDV
1363,Stephanie,Lee,aclark@hotmail.com,AND
1364,Mr.,Stanley Brown,qlopez@yahoo.com,GNB
1365,Joshua,Davis,sharon75@gmail.com,TWN
1366,Ryan,Martinez,kevinsuarez@clements-boone.com,ECU
1367,Christopher,Hernandez,melissamoyer@newman.com,AZE
1368,Nicole,Johnson,hoodmichael@christensen.com,CN
1369,Zachary,Sanchez,christopher34@hotmail.com,PRT
1370,Patricia,Rogers,jsmith@mcclain.com,PRT
1371,Christina,Tucker,ztodd@ortiz.biz,KOR
1372,Shelby,Taylor,nathaniel51@gmail.com,ALB
1373,Amber,Rodriguez,thomas44@gmail.com,PRT
1374,Calvin,Moore,barbarazavala@stephens.com,COL
1375,Judy,Evans,acarroll@bray.org,PRY
1376,Terry,Sanchez,michael02@wallace.com,NLD
1377,Mark,Wade,ihurst@soto.com,PRT
1378,Bryce,Thompson,stephaniesmith@perez.org,COL
1379,John,Morris,johnsoncolleen@hotmail.com,BGR
1380,Matthew,Gordon,kellywhite@martin.com,CRI
1381,Chelsea,Jones,crystalhampton@gmail.com,CUB
1382,Catherine,Mcdonald,timothyday@bonilla-bell.com,PRT
1383,Jenna,Rivera,lblack@gmail.com,PHL
1384,Parker,Adams,joel46@hotmail.com,NGA
1385,Julie,Griffin,dneal@gmail.com,AND
1386,Julie,Burke,wrightamanda@yahoo.com,PRT
1387,Joanne,Hudson,thomas66@hale.org,IRN
1388,Julie,Jacobson,ronaldwoods@gmail.com,URY
1389,Derek,Garcia,robertsonkyle@ward.com,SUR
1390,Ms.,Ashley Webb,martinezbrenda@porter.com,PRT
1391,Ashley,Jones DVM,denisehill@graves.com,PRT
1392,Susan,Reyes,mark98@hotmail.com,PRT
1393,Travis,Parker,melaniejensen@tran.info,RUS
1394,Amber,Kelly,ryanolson@hotmail.com,PRT
1395,Jeffrey,Bryant,wfriedman@figueroa-nguyen.info,PRT
1396,Devin,Davis,nwatts@yahoo.com,JAM
1397,Jonathan,Harris,natasha02@hotmail.com,SAU
1398,Jessica,Galloway,moorejason@yahoo.com,JOR
1399,Kathryn,Holland,esharp@yahoo.com,GBR
1400,Jonathan,Rivas,sherry91@hotmail.com,PRT
1401,Jessica,Carpenter DDS,heatherpatterson@cooper-booth.org,PRT
1402,Regina,Padilla,wyattchristina@hotmail.com,ARM
1403,Jennifer,Ford,julieellison@martin.com,LTU
1404,Marcus,Reyes,rcalderon@ruiz.com,SGP
1405,Bethany,Henderson,popejuan@campbell-collins.com,DZA
1406,Cindy,Cruz,ryoung@palmer.com,COL
1407,Monica,Christensen,elopez@howard.info,ESP
1408,Alexander,Dean,hpaul@gmail.com,MAR
1409,Jacqueline,Young,callen@yahoo.com,PRT
1410,Michael,Wise,hallsharon@smith.com,VEN
1411,Timothy,Douglas,jessica90@gmail.com,MUS
1412,Caitlin,Wright,willisseth@hotmail.com,TUN
1413,Rebecca,Fuentes,ccarter@yahoo.com,MAC
1414,Brandon,Chan,cindy56@hughes.com,PRT
1415,Dawn,Mcclain,josephgarcia@hotmail.com,SUR
1416,Ronald,Diaz,kyle93@bright-benton.com,SEN
1417,Sheila,Lang,david77@yahoo.com,ZWE
1418,Elizabeth,Mendez,alexisanderson@gmail.com,PRT
1419,Paul,Roberts,brandy57@browning-smith.com,KOR
1420,Corey,Green,owensdean@hotmail.com,POL
1421,Seth,Rodriguez,daviskatherine@hotmail.com,PRT
1422,Jennifer,Jenkins,lmartin@brown-brown.com,USA
1423,Erica,Marsh MD,humphreymatthew@gill.com,LKA
1424,April,Foster,cware@gmail.com,SEN
1425,Jennifer,Collins,franciscomitchell@alexander.com,QAT
1426,Anita,Michael,randall03@mitchell.net,PRT
1427,Michael,Sanders,matthewstevenson@hotmail.com,TZA
1428,Kimberly,Rodriguez,mclaughlinkaren@hotmail.com,KWT
1429,David,Smith,michaeladams@gmail.com,BEL
1430,Becky,Soto,ofleming@young-dunn.org,LTU
1431,Gabriel,Becker,smithrhonda@yahoo.com,PRT
1432,Jeffrey,Esparza,reevesjesus@wilson.info,LBY
1433,Joseph,Carrillo,alexander60@hotmail.com,AND
1434,Andrew,Sullivan,wthomas@gmail.com,POL
1435,Charles,Henry,duncansharon@hotmail.com,PRT
1436,Lynn,Everett,ppena@everett.com,PHL
1437,Matthew,Howard,ronald35@white.net,PRT
1438,Mckenzie,Nguyen,jamie47@wood.biz,PRT
1439,Kristina,Davis,janetrodriguez@ingram-coffey.com,ZAF
1440,Angela,Woodward,nguyencarlos@hotmail.com,JEY
1441,Ralph,Roberson,lopezcharles@mccann.com,CHL
1442,Christopher,Johnson Jr.,pedwards@hotmail.com,DZA
1443,Samantha,Esparza,charleshartman@hotmail.com,DZA
1444,Chris,Smith,jennifer13@yahoo.com,PRT
1445,Jamie,Sanders PhD,susanwilliams@martin-boyle.com,FRO
1446,Austin,Young,mdavis@yahoo.com,MYS
1447,Connie,Pena,zacharycobb@gmail.com,POL
1448,Jennifer,Shaw,hallnicole@martinez-pearson.biz,ISL
1449,Timothy,Pennington,owilliams@gmail.com,BIH
1450,Matthew,Sullivan,davidpierce@yahoo.com,USA
1451,Brittney,Mccarthy,fieldskayla@yahoo.com,LVA
1452,Ryan,Holt,adavis@johnson-jennings.com,PRT
1453,Amber,Nelson,zmiles@yahoo.com,PRT
1454,Chris,Garcia,jmoses@hotmail.com,AUT
1455,Ronnie,Mays,pamelagill@mendoza-cook.com,CYP
1456,David,Patterson,freemancrystal@barry.org,PAK
1457,Brenda,Bennett,caitlinshort@moore.org,ARE
1458,Mark,Gibbs,qbrooks@lambert.com,PRT
1459,Lindsey,Johnson,phillipsjames@cunningham.org,MYS
1460,Benjamin,Thornton,campbellnicole@yahoo.com,BEL
1461,Mark,Flores,jeffreymcdaniel@flores-jones.com,TUR
1462,John,Anderson,wendygarcia@perez.com,LUX
1463,Mary,Vasquez,grantfarmer@gmail.com,ROU
1464,Emily,Wu,landerson@hill-mathis.org,JOR
1465,Teresa,Brown,josebradley@harrison.com,AZE
1466,Zachary,Thomas,pphillips@martin.com,THA
1467,Jacob,Blair,gomezlinda@gmail.com,CHN
1468,Michelle,White,nelsondavid@payne.com,CHL
1469,Rachel,Anderson,pweaver@yahoo.com,CMR
1470,William,Bailey,ajackson@yates.info,SAU
1471,Danielle,Burke,zford@yahoo.com,PAN
1472,Kristi,Lane,dholder@hotmail.com,VNM
1473,Justin,Bates,kyle74@turner-valencia.biz,CHE
1474,Pamela,Odom,rebecca36@yahoo.com,PRT
1475,Kevin,Sanders,robert38@hotmail.com,PRT
1476,Laura,Davis,johnsonjessica@gmail.com,TUN
1477,Tiffany,Davis MD,kellyhenry@gmail.com,MKD
1478,Brandon,Smith,michaelmeza@yahoo.com,CHE
1479,Ricky,Lowe,alan53@wilson.info,FRO
1480,Jennifer,Thomas,andrew27@gillespie-west.com,DEU
1481,Juan,Potter,wbrown@yahoo.com,PRT
1482,William,Weaver,christopher83@hotmail.com,MDV
1483,Karen,Medina,justinhale@hotmail.com,CZE
1484,Christopher,Davis,warenathan@gmail.com,OMN
1485,Ronnie,Ramirez,lwatkins@gmail.com,PRT
1486,Christina,King,jacobesparza@hunt.com,SGP
1487,Patrick,Flores,qkennedy@stafford.org,HRV
1488,Michael,Erickson,hunterjustin@yahoo.com,GNB
1489,Patrick,Huerta,jacksoncourtney@gmail.com,DOM
1490,Howard,Gallagher,sandradouglas@soto-baker.info,PRT
1491,David,Jenkins,kochjoanna@thomas-harris.com,NLD
1492,Michelle,Davis,mitchelljones@gmail.com,LUX
1493,Megan,Chen,ccole@henderson.com,KAZ
1494,Eric,Brown,hquinn@fisher.info,PRT
1495,Alyssa,Miller,sharon19@gmail.com,ARM
1496,Bryan,Hill,gutierrezerin@griffin.org,BGD
1497,Rebecca,Bailey DVM,akent@yahoo.com,VNM
1498,Morgan,Jones,akim@hotmail.com,SVK
1499,Kimberly,Boyd,murrayjeffrey@gmail.com,PRT
1500,Alexandra,Hawkins,staciedavis@gmail.com,CIV
1501,Amy,Fitzpatrick,dustingriffin@yahoo.com,IRN
1502,Courtney,Dalton,sarellano@gmail.com,PRT
1503,Stacey,Knight,lmcgee@webb.com,AGO
1504,Cassie,Cole,robert87@yahoo.com,SEN
1505,Rachel,Johnson,omelton@gmail.com,HUN
1506,Jeffrey,Gray,mbrown@hotmail.com,KOR
1507,Michael,Castro,grayjorge@larson.com,PRT
1508,Brittany,Miles,elizabethcaldwell@lowe-sloan.com,QAT
1509,Ashley,Adams,bphillips@cannon.info,HRV
1510,Heather,Lloyd,bryan21@vasquez-horton.com,GBR
1511,Patrick,Peters,nmckenzie@gmail.com,ZAF
1512,Andrew,Smith,debbie27@gmail.com,USA
1513,Brooke,Lee,npacheco@yahoo.com,PRT
1514,Nicole,Macias,tina14@yahoo.com,SEN
1515,Maria,Bennett,pateljohn@gmail.com,JOR
1516,Christopher,Fletcher,eparks@jones.net,PRT
1517,Charles,Khan,stewartmichael@may-nelson.com,CZE
1518,Thomas,Parker,ihutchinson@gmail.com,ECU
1519,Kimberly,Morris,thomasjill@hotmail.com,NZL
1520,Patricia,Brown,samanthalewis@hotmail.com,PRT
1521,Mrs.,Amber Phillips,xgarcia@hotmail.com,CHE
1522,Diamond,Lewis,pjackson@brown.com,AUT
1523,Timothy,Liu,charles87@little-nguyen.org,ARG
1524,Mr.,Robert Nelson,melissa30@meyer-jones.net,PRT
1525,Annette,Gonzales,dalton42@barnes-estrada.com,BEL
1526,Jeffrey,Perry,msweeney@friedman-hernandez.net,ESP
1527,Laura,Jenkins,thomascooley@yahoo.com,HRV
1528,Mitchell,Peters,davidspencer@yahoo.com,HRV
1529,Allison,Harvey,cbarron@hotmail.com,SGP
1530,Antonio,Nguyen,gchambers@gmail.com,ITA
1531,Shannon,Sellers,caitlinjames@hotmail.com,CMR
1532,Bruce,Crawford,sean68@marshall.com,BRA
1533,Jessica,Chaney,yfernandez@yahoo.com,PRI
1534,Heather,Bell,cummingsamy@olson.net,JEY
1535,Curtis,Davis,evansdarrell@hernandez.com,PRT
1536,Patrick,Cunningham,troymontgomery@stewart.com,MEX
1537,William,Cooper,xknight@montgomery.com,GIB
1538,Jacqueline,Gray,changhunter@james-brown.org,MNE
1539,Daniel,Fisher,andersongerald@davis-harrington.net,PRT
1540,Anthony,Stanley,megangarcia@benitez.com,JPN
1541,Derek,Conway,dennismclaughlin@thompson.com,RUS
1542,Charles,Murray,brownheather@berry.com,SAU
1543,Haley,Brooks,browntina@hotmail.com,PHL
1544,Joann,Morrison,david53@yahoo.com,BRB
1545,Joshua,Walker,hvargas@gmail.com,PRT
1546,Laura,Leonard,cookdavid@johnson.com,ITA
1547,John,Hall,brandi58@yahoo.com,MAR
1548,James,Smith,linda53@johnston.com,PRT
1549,Brandon,Holmes,millernathaniel@yahoo.com,LBN
1550,Cindy,Hill,johnstoncarolyn@rivera.net,PRT
1551,Stephen,Woodward,gtownsend@mckay.com,SVK
1552,Jennifer,Leonard,cross@yahoo.com,PRT
1553,Stacey,Reyes,justinkrueger@boyer.net,BGR
1554,Teresa,Mendoza,amberparker@hotmail.com,AUT
1555,Mr.,David Roy,gjones@hotmail.com,UKR
1556,Katrina,Turner,ihuffman@hotmail.com,ARE
1557,Mr.,Keith Austin DDS,spencerbarton@yahoo.com,PRT
1558,Paul,Castillo,johnstonmonica@yahoo.com,DEU
1559,Joshua,Russell,daniel29@martinez.org,PRT
1560,Albert,Baker,umccormick@yahoo.com,PRT
1561,Shelly,Smith,nicolerubio@patterson-whitaker.com,TUN
1562,Mandy,Sims,obrienbethany@young-thompson.com,JOR
1563,Scott,Torres,larsonmichele@perez.com,UKR
1564,Richard,Johnson,smithdanielle@yahoo.com,ISR
1565,Bryan,Barton,mariawalton@gmail.com,PRT
1566,Karen,Lewis,davisrobyn@williams-wolfe.com,IND
1567,Suzanne,Burch,sally57@hotmail.com,LUX
1568,Emily,Stephenson,kimberlyberry@melton.biz,MAR
1569,Jim,Fernandez,brandon69@yahoo.com,CHE
1570,Gloria,Collins,yrichards@smith-mann.com,LKA
1571,Heidi,Miller,jclark@nichols.com,OMN
1572,Alexa,Miller,alexanderellis@miller.com,QAT
1573,David,Peters,swansonlisa@hawkins.info,PRT
1574,Gary,Wright,melissabrown@brown.com,BOL
1575,Robert,Ramirez,timothylee@hotmail.com,HKG
1576,Robert,Cruz,deannawillis@bradley.net,JEY
1577,Curtis,Keller,david72@johnson.com,MKD
1578,Joshua,Williams,isabella91@yahoo.com,IND
1579,Denise,Nash,deborahcunningham@ramos-martinez.biz,MEX
1580,Alexandra,Padilla,vsmith@hotmail.com,MEX
1581,Renee,Morales,mikebright@yahoo.com,PRT
1582,David,Benson,vbaker@moss.biz,PRT
1583,Gavin,Smith,fordrobert@hotmail.com,DNK
1584,Abigail,Coffey,susanschmidt@bell.net,LKA
1585,George,Delacruz,zgarza@yahoo.com,ESP
1586,Stephanie,Brown,joshua00@gray.com,PRT
1587,Jeremiah,Davis,uhorton@hotmail.com,IRL
1588,Wayne,Stokes,michael42@johnson.info,PRY
1589,Mike,Alvarez,hhodge@gmail.com,PRT
1590,Bobby,Wilson,fmiller@harper.org,HKG
1591,Kimberly,Garza,swagner@baker-richard.com,JOR
1592,Peter,Pacheco,racheltaylor@gmail.com,ISL
1593,Virginia,Sexton,mayereric@hotmail.com,PRT
1594,Patricia,Moore,terri90@sanders-wilson.com,BRB
1595,Mr.,Joseph Andrews MD,jessicacarter@gmail.com,IND
1596,Dr.,Jennifer Dyer,irobertson@hotmail.com,BIH
1597,Tyler,Davis,stephanie46@yahoo.com,SGP
1598,Thomas,Peterson,sjohnson@gmail.com,LUX
1599,Pamela,Proctor,shellyknight@harrell-peterson.com,AUS
1600,Michael,Rowe,ericaperkins@mccarthy.com,BRA
1601,Dean,Jimenez,olivia40@yahoo.com,KOR
1602,Joshua,Russo,tara33@gmail.com,PRT
1603,Edward,Mullen,stevenjones@hotmail.com,PRT
1604,Brandon,Little,amyhansen@alexander-coffey.com,GEO
1605,Roger,Miller,susanscott@gmail.com,PRT
1606,Teresa,Williams,alexbaldwin@hotmail.com,CYP
1607,Jesse,Thompson,garciajohn@gmail.com,TZA
1608,Julia,Lawson,shawn99@butler.com,RUS
1609,Aaron,Davis,qolson@orr-atkinson.com,FRO
1610,Lisa,Wyatt,cwilliams@preston.com,GNB
1611,Cheryl,Thompson,melissa22@robinson.org,PRT
1612,Frank,Anderson,brittany42@gmail.com,SWE
1613,Matthew,Robertson,vincentramsey@hotmail.com,PRT
1614,Paul,Mason,sarah04@sandoval.com,TJK
1615,Marcus,Reeves,perkinsrobert@johnson.com,SRB
1616,Anthony,Andrews,sanderson@hotmail.com,CIV
1617,Holly,Daniels,yodernicole@hotmail.com,PRT
1618,Darren,Anderson,chambersroger@gmail.com,BGD
1619,Ashley,Perez,davisjulia@bishop.org,EGY
1620,Chad,Pollard,john88@hotmail.com,PRT
1621,Matthew,Perry,fosterkylie@gmail.com,CUB
1622,Kathryn,Miranda,jturner@burton.org,ROU
1623,Nicholas,Bennett,larry54@hotmail.com,DNK
1624,Luis,Duncan,scottfleming@mcclain-hammond.com,FIN
1625,Shannon,Walter,awise@collins.com,ARM
1626,Alejandro,Smith,howardcook@gmail.com,MAC
1627,Matthew,Williamson,douglaskathy@houston.com,PRT
1628,Frederick,Norris,howardjohnathan@martinez-lucas.com,BRB
1629,Thomas,Solis,christianmiles@gmail.com,AZE
1630,Dean,Walker,grayamanda@yahoo.com,SEN
1631,Joel,Jones,susanreynolds@hotmail.com,VNM
1632,Corey,Ramsey,daniel42@higgins-brown.com,EST
1633,Megan,Chavez,mcconnelljim@jacobs-sanders.net,DOM
1634,Kimberly,Johnson,walkerkristina@stewart-hill.org,EST
1635,Michael,George,daniel79@cox.com,CPV
1636,Melissa,Nolan,steven83@hotmail.com,CIV
1637,Molly,Hartman,rosebrittany@hopkins-hamilton.com,TUR
1638,Christopher,Simpson,lopezmichael@gmail.com,MKD
1639,Frank,Wood,gcarter@gmail.com,PAN
1640,Linda,Hull,elizabethbarnes@becker.com,SLV
1641,Curtis,Turner,james44@sparks-guzman.com,USA
1642,Stephanie,Collins,johnclarke@gmail.com,CUB
1643,Derek,Hall,teresa40@cruz-avery.com,NLD
1644,Theresa,Martin,xnelson@yahoo.com,IRL
1645,Michael,Hernandez,mark31@yahoo.com,SAU
1646,Joshua,Gray,bsmith@yahoo.com,UKR
1647,Laura,Humphrey,taylorchoi@jimenez-carpenter.info,CRI
1648,Steven,Espinoza,johnhurst@gmail.com,KEN
1649,Scott,Lucas,jose67@gonzalez-hernandez.com,IRQ
1650,Joshua,Bennett,mariowelch@gmail.com,EST
1651,Jennifer,Nichols,skaufman@cross.com,KNA
1652,Michelle,Combs,johnsonjason@yahoo.com,SEN
1653,Philip,Lara,oblair@gross-jefferson.com,LVA
1654,Amy,Cox,stacy16@gmail.com,SUR
1655,Joe,Campbell,wgraham@taylor.com,BRA
1656,Kristin,Bryant,richardcruz@hotmail.com,MYS
1657,Michael,Conner,hjohnson@hotmail.com,SAU
1658,Carrie,Martinez,wellssheila@martin-harris.net,PRT
1659,Daniel,Nguyen,josephperez@yahoo.com,TZA
1660,Bradley,Hoover,lhopkins@gmail.com,PRT
1661,Erin,Fuller,rachel19@kennedy.net,LBY
1662,Michael,Torres,warrenkimberly@yahoo.com,VEN
1663,Elizabeth,Robinson,caldwellvictoria@hunt.com,CZE
1664,Eric,Garcia,jmcmillan@hotmail.com,IDN
1665,William,Ritter,jhopkins@ortiz.com,MOZ
1666,Alejandro,Johnson,alicia54@gmail.com,URY
1667,Carla,Simpson,samuelroberts@hotmail.com,PRT
1668,Wendy,Terry,thomas65@hill.biz,GBR
1669,Scott,Miller,kylethomas@gmail.com,MNE
1670,Phillip,Johnston,boydholly@hotmail.com,PRT
1671,Richard,Bean,qwilliams@yahoo.com,DZA
1672,Marisa,Dennis,rstevens@berry.org,EGY
1673,Michelle,Lee,jacobsonlarry@yahoo.com,PRT
1674,Heather,Chase,kenneth56@yates-cohen.info,BGR
1675,Jessica,Rodriguez,jamiejennings@nichols.biz,PRT
1676,Matthew,Walter,lindsey18@carpenter.biz,PRT
1677,Melissa,Mckinney,andreapearson@yahoo.com,NLD
1678,Madison,Howe,rhamilton@collins.com,IND
1679,Melissa,Clark,kevin53@gmail.com,USA
1680,Nicole,Howard,allison25@hotmail.com,DOM
1681,Tammy,Gomez,campbellcarol@hernandez-cook.com,FRA
1682,David,Garcia,michael71@zamora.info,PRT
1683,Donna,Barnes,alvarezlauren@thompson.org,ALB
1684,Rodney,Johnson,donna62@yahoo.com,SRB
1685,Brian,Pena,tpollard@richardson-fischer.com,JPN
1686,Stephanie,Alvarez,elizabethcarlson@gmail.com,PRY
1687,Jerry,Mccarthy,barnesheather@gmail.com,TWN
1688,Maureen,Perez,kmanning@campos.com,NGA
1689,Natalie,Harris,wmaddox@mcbride-larsen.com,THA
1690,Paul,Dalton,chelsea79@holt.com,BGR
1691,Monica,Strong,ashleylane@yahoo.com,PRI
1692,Ryan,Rodriguez DVM,markcarpenter@martin-austin.com,LTU
1693,Joshua,Green,olam@yahoo.com,PAK
1694,Jessica,Graves,wjohnson@yahoo.com,PAN
1695,Gary,Bowman,burnettamy@hall-mercado.com,BLR
1696,Tyler,Myers,estewart@yahoo.com,FIN
1697,Timothy,Morris,jessicahenderson@mcintosh.biz,PRT
1698,Jerry,Tanner,khayden@yahoo.com,PRT
1699,Meredith,Clark,zachary94@gmail.com,EST
1700,Austin,Robinson,smaxwell@yahoo.com,MYS
1701,Gregory,Gutierrez,angelaburns@oconnell-alexander.com,VEN
1702,Brittany,Guzman,kmedina@hotmail.com,MLT
1703,Kenneth,Olson,hillthomas@james.com,PRT
1704,John,Johnson DDS,pauldarren@sanchez.com,MLT
1705,Cody,White,nicole45@espinoza.com,DZA
1706,Angela,Thomas,hensleyvictoria@garrison.com,PRT
1707,Christopher,Parker,vcarlson@hotmail.com,BEL
1708,Thomas,Sanchez,criggs@porter.com,PRT
1709,Brian,Nguyen,xperez@silva-pratt.com,PRT
1710,Gregory,Welch,karen44@fernandez.com,ECU
1711,Michael,Bartlett,khouston@knight.info,PRT
1712,Yolanda,Stevens,cglover@gmail.com,KOR
1713,Kenneth,Dunn,frankpierce@turner-williams.com,SRB
1714,Devin,Hancock,julieturner@davis-rosales.com,IDN
1715,Noah,Ellis,jonathan60@yahoo.com,PRY
1716,Tracy,Fletcher,xmcdaniel@gmail.com,TJK
1717,Robin,Smith,ashleymorgan@gmail.com,FRO
1718,Mark,Price,kristen95@yahoo.com,PRT
1719,Joe,Hart,victoriastewart@gordon.net,USA
1720,Amy,Taylor,timothywhite@ballard-jenkins.com,MAR
1721,Mrs.,Theresa Nicholson,walldouglas@jones.org,MDV
1722,Michelle,Blake,deniseowens@newman.com,LKA
1723,Sharon,Vargas,anthonywilliams@hotmail.com,MYS
1724,Mr.,Stephen Wilkinson,bsmith@andrews.com,LKA
1725,Danielle,Reed,alanwilliams@yahoo.com,TZA
1726,James,Marshall,pnelson@jones-ross.info,HKG
1727,Julie,Ramos,marquezvictoria@carter-holloway.com,QAT
1728,John,Lyons,nathansimmons@gmail.com,FRA
1729,Shane,Hunter,tracey17@yahoo.com,GHA
1730,Alan,Sawyer,joellopez@yahoo.com,NLD
1731,Kaitlyn,Little,randall57@ward-roberts.org,ARG
1732,Margaret,Munoz,peterlawson@yahoo.com,PRT
1733,Ariel,Bowman,xfox@yahoo.com,EGY
1734,Kayla,Hebert,riceedward@henry.com,OMN
1735,Ian,Thompson,oruiz@greene.net,IRQ
1736,Ashley,Mayo,christopher98@gmail.com,IRL
1737,Rebecca,Castaneda,timothycasey@yahoo.com,DOM
1738,Erin,Hampton,pstephenson@yahoo.com,MAR
1739,Miss,Michelle Smith,watkinsbrandon@yahoo.com,DNK
1740,Peggy,Blake,williamsgabriella@yahoo.com,PRT
1741,Lisa,Gibson,parkermichael@ortiz-sullivan.info,CN
1742,Peter,Flynn,jking@hotmail.com,JAM
1743,Jasmine,Nolan,mallen@garcia-levy.com,MLT
1744,Allison,Gonzales,edward97@ayers.com,BRA
1745,Bailey,Taylor,diazscott@hunt-patel.org,KOR
1746,Deborah,Wilson,murraymatthew@roberts-ruiz.org,BGD
1747,Patricia,Murray,samantha60@hotmail.com,PRT
1748,Sarah,Wright,vfreeman@hernandez.com,PRT
1749,John,Johnson,lopezsandra@davidson.info,PRT
1750,Ronald,Mccoy,wrightedward@yahoo.com,PRT
1751,Danny,Harrell,wbrown@watts-clark.com,PRT
1752,Karen,Trujillo,griffinalan@campbell-rubio.com,TMP
1753,Melissa,Lopez,oellison@johnson.com,BIH
1754,Patrick,Duran,staceyowens@yahoo.com,LBY
1755,Tyler,Peterson,michelleross@howell.com,ALB
1756,Carrie,Rojas,donald18@thomas-moore.com,LUX
1757,James,Gilbert,bassgeorge@hotmail.com,PRT
1758,Brandon,Myers,taylor27@roberts-james.com,MAR
1759,Mark,Maxwell,christopher21@yahoo.com,TUR
1760,Dawn,Macdonald,qperez@fry-oneill.com,PRT
1761,Tiffany,Hanson,patricia91@henry-morris.com,PRT
1762,Nicholas,Gray,sharon07@hotmail.com,TWN
1763,Shari,White,fjohnston@herrera-henson.org,PRT
1764,Erin,Moore,maybarbara@cochran.com,CIV
1765,William,Freeman,delacruzashley@gmail.com,ISR
1766,Shari,Mccann,jimenezsarah@beard.com,BOL
1767,Christina,Murray,ubrown@hotmail.com,SAU
1768,Alexa,Fisher,webblisa@gmail.com,GLP
1769,Leah,Gonzalez,michellesingleton@hotmail.com,PRT
1770,Brandon,Little,timothy23@hanna-bridges.org,VEN
1771,Michael,Ramos,hodgestanya@gmail.com,MLT
1772,Brandon,Meyer,christophervaughn@porter.biz,PRT
1773,Jason,Robbins,matthewbailey@herrera-carpenter.net,ROU
1774,Kathleen,Brooks,bjoseph@yahoo.com,FRA
1775,Teresa,Smith,kcervantes@hotmail.com,PRT
1776,Cynthia,Conner,ryanthomas@hotmail.com,SRB
1777,Glenn,Harrison,maureen42@yahoo.com,TJK
1778,Joanne,Lane,pachecopatrick@gmail.com,PRT
1779,Shannon,Sparks,andrew47@dominguez-rodgers.biz,CRI
1780,Frances,Matthews,judith61@moore-holt.com,PRT
1781,Adam,Griffin III,sharon35@ritter.com,CMR
1782,Kevin,Jones,woodwardtabitha@zimmerman.net,QAT
1783,Sarah,Snow,michaellong@jordan-stuart.net,BRA
1784,Debbie,Thomas,kayleefuller@lynch.com,CPV
1785,Brenda,Weiss,joe63@yahoo.com,BRB
1786,David,Murphy,andradechad@gmail.com,ARG
1787,Jennifer,Collier,greenerobert@tucker-castro.com,SAU
1788,Courtney,Acevedo,ugrant@reynolds-mcdowell.biz,ESP
1789,Laura,Proctor,chapmanmary@hotmail.com,PRT
1790,Paul,Rodriguez,brockdebra@lambert-bates.net,AUT
1791,Susan,Hunt,maxwellandrew@hotmail.com,NGA
1792,Jennifer,Sanchez,inelson@estrada.org,PHL
1793,Rebecca,Ward,xboyer@thomas-gutierrez.com,CIV
1794,Matthew,Long,allisonhendrix@yahoo.com,BLR
1795,Ryan,Romero,andreamcneil@edwards.com,PRT
1796,Danny,Stewart,dennis33@hotmail.com,LUX
1797,Tiffany,Jones,juliethomas@hotmail.com,PRT
1798,Ryan,Johnson,scott91@perez.com,ROU
1799,Dustin,Freeman,dannyfreeman@mcdonald.net,CHL
1800,Jesus,Shah,gregoryheather@curtis.com,PRT
1801,Joshua,Mata,richard55@hoffman.com,PRT
1802,Kristen,Prince,matthewbooth@gmail.com,CRI
1803,Elizabeth,English,mejiahaley@ramos.biz,PRT
1804,Brandon,Armstrong,jgeorge@andrews.com,MEX
1805,Karen,Clark,jeremiah50@hotmail.com,HRV
1806,Vincent,Garza,myersrebecca@wilson.org,USA
1807,Amy,Erickson,kyliegibson@yahoo.com,NZL
1808,James,Alvarado,cynthia25@yahoo.com,PRT
1809,Sarah,Campbell,jhoffman@yahoo.com,PRT
1810,Marcus,Rodriguez,james76@munoz-ramsey.com,PRT
1811,Andrea,Green,ashleyadams@phelps.com,BGR
1812,Debra,Cummings,tarawatson@gmail.com,GRC
1813,Robert,Fleming,carla97@reyes.com,CRI
1814,Robyn,Scott,bakerandres@hotmail.com,COL
1815,Tammy,Lee,annetteschneider@gmail.com,TWN
1816,Amanda,Taylor,peternelson@smith.com,LIE
1817,Robert,Aguilar,lindsey13@rivera.org,SWE
1818,Jesse,Duncan,smithmichael@hotmail.com,DEU
1819,David,Davis,larsonashley@lee-davis.biz,MAC
1820,William,Terry,amandacameron@gmail.com,PRT
1821,Martin,Anderson,thernandez@hotmail.com,EGY
1822,Kaitlin,Miller,briancohen@yahoo.com,PRT
1823,Keith,Hutchinson,udavis@hotmail.com,BHR
1824,Kenneth,Gibson,terrencegordon@myers.com,IRN
1825,Michelle,Walls,moraeileen@gmail.com,PRT
1826,Matthew,Pitts,christinabradley@hotmail.com,PRT
1827,Jennifer,Lee,jgibson@deleon-jefferson.com,MKD
1828,Dana,Meyer,nathansmith@jenkins.info,HRV
1829,Albert,Thomas,kenneth24@hull.biz,DZA
1830,Sean,Cline,hannah13@yahoo.com,ESP
1831,Ashley,Nichols,bryan74@yahoo.com,ISR
1832,Michael,Nelson,amber08@johnston.org,MEX
1833,John,Alexander,ahatfield@bishop.biz,PRT
1834,Justin,Roberts,billy22@hotmail.com,PRT
1835,William,Perez,paul46@hall.biz,MAC
1836,Anthony,Figueroa,kelleyabigail@yahoo.com,KEN
1837,Dr.,Rick Kelly DDS,angela43@hotmail.com,ITA
1838,Thomas,Oliver,wandaestes@yahoo.com,VEN
1839,Brian,Cohen,dhunt@yahoo.com,IRQ
1840,Ray,Baker,xsawyer@meyer-myers.com,LKA
1841,Joseph,Bryant,brandy94@carlson.info,MNE
1842,Christopher,Hernandez,paul64@yu.com,PRT
1843,David,Barber,thomasdakota@gonzales.biz,PRT
1844,Terry,Warren,ashley27@gmail.com,PRT
1845,John,Lewis,erin68@schneider.com,SVN
1846,Adam,Torres,vaughanhunter@yahoo.com,CAF
1847,Patricia,Salazar,sandovaleric@yahoo.com,SVK
1848,Madison,Ramirez,james89@yahoo.com,CAF
1849,Brenda,Gonzalez,leedarius@yahoo.com,DZA
1850,Daniel,Frey,hughesdavid@marquez.info,MNE
1851,Charles,Turner,cross@anderson-oneal.info,EST
1852,Vanessa,Jackson,michele85@gmail.com,PRT
1853,Arthur,Mckinney,alexander94@murray.com,PRT
1854,Christian,Yates,richardflores@coleman.org,CMR
1855,Tiffany,Hall,vazquezkatie@gmail.com,PRT
1856,Jason,Lopez,scottsmith@gmail.com,CUB
1857,Nathan,Richards,austinangela@hotmail.com,PRT
1858,Melanie,Hernandez,johnsonjill@olson-middleton.com,PRT
1859,Michael,Norman,omason@silva-bennett.com,MYS
1860,Elizabeth,Wood,ybooth@martinez.com,PRT
1861,Kayla,Lawson,allendeborah@leonard.com,PRT
1862,Rachel,Nguyen,dodsonstacy@glenn.biz,FIN
1863,Linda,Mercado,richardnguyen@yahoo.com,PRI
1864,Amber,Carlson,annahebert@yahoo.com,TJK
1865,Megan,Arnold,thomas54@hotmail.com,ZAF
1866,Andrew,Kim,epollard@gmail.com,MEX
1867,Steven,Jones,thomasanthony@yahoo.com,MWI
1868,Angela,Jacobs,connieperez@glenn-fleming.com,IDN
1869,Jonathan,Williams,ruben37@wiggins.com,PRT
1870,Elijah,Harmon,anthony15@sandoval.com,BHR
1871,Eileen,Stewart,joseph58@moore-guzman.com,TUN
1872,Nicole,Baker,sophia34@hotmail.com,KWT
1873,Susan,Wood,kathy41@gmail.com,HKG
1874,Teresa,Ellis,campbellphillip@hotmail.com,ZAF
1875,Dr.,Devin Rice,jarviskatie@hurst.com,GEO
1876,Drew,Flores,anthony56@hotmail.com,BIH
1877,Nicole,White,yblack@fisher-long.com,AND
1878,Mary,Lloyd,jorgerodriguez@jones.com,OMN
1879,Daniel,Miranda,wmann@white-johnson.info,COM
1880,Troy,Downs,wagnerkimberly@grant-ellis.com,IDN
1881,Jimmy,Ayala,colin78@yahoo.com,DOM
1882,Jesse,White,jennifer12@hotmail.com,SVN
1883,Ann,Roberts,melissacooper@terrell.biz,IRL
1884,Tara,Montgomery,kevin58@wright.biz,PRT
1885,Rachel,Rodriguez,hwright@bennett.com,PAN
1886,Francisco,Giles,gary45@diaz.net,PRT
1887,Michele,Crosby,pdavis@lewis-bush.com,ISR
1888,Gerald,Berg,nicholasolson@garcia.com,CN
1889,Christina,Morgan,michael14@hotmail.com,PRT
1890,James,Hurley,fjohnson@griffin.net,PRT
1891,Logan,Jones,michaelelliott@gmail.com,SWE
1892,Erica,Hunter,tprice@tyler.info,EST
1893,Nicole,Miller,wbuchanan@scott-elliott.biz,NLD
1894,Judith,Mills,myerstodd@yahoo.com,HRV
1895,Nathan,Wilkinson,john22@hotmail.com,GEO
1896,Ryan,Hudson,mcmahonchristopher@white.net,FIN
1897,Christopher,Salazar,teresabennett@gmail.com,BEN
1898,Charles,Ward,jacquelinepennington@yahoo.com,LVA
1899,Dennis,Chavez,aevans@hotmail.com,DEU
1900,Timothy,Pitts,harrismichael@yahoo.com,NLD
1901,Barbara,Bryant,kathy21@wilson.com,PRT
1902,Jeremy,Leblanc,usmith@yahoo.com,JOR
1903,Adam,Henderson,thomaslisa@hotmail.com,PER
1904,David,Reeves,ashley46@nash.com,NGA
1905,Laura,Edwards,asimpson@mann.biz,ISR
1906,Luke,Day,vsanders@yahoo.com,AUS
1907,Dillon,Hogan PhD,rebecca85@williams.org,PRT
1908,Christopher,Wagner,lauriejohnson@gibson.com,CIV
1909,Mary,Marks,yangjohn@alexander-wilson.net,CAF
1910,William,Morris,sheilamyers@weiss.net,ARE
1911,Logan,Cooper,golsen@hotmail.com,ZAF
1912,Franklin,Shaffer,amymcknight@murphy.com,PRT
1913,Dr.,Sheila Hernandez,npage@french.net,JPN
1914,Jill,Hughes,meredithwilkins@gutierrez-ryan.biz,PRT
1915,Justin,Burgess,millerpaul@hotmail.com,SWE
1916,Gerald,Bauer,pamela10@frederick.com,PRI
1917,Tyler,King,rachelwiley@spencer.com,EST
1918,Dalton,Hunter,fitzpatrickandrea@clark.org,JAM
1919,Michael,Gray,thomasmitchell@moore-owen.org,JEY
1920,Ashley,Wright,nicole24@gmail.com,PRT
1921,Justin,Walters,imartin@hotmail.com,BRA
1922,William,Humphrey,kyleford@adkins.com,AUT
1923,Lisa,Carson,hallallison@fritz-anderson.com,ALB
1924,Allison,Clark,gmiller@hotmail.com,JPN
1925,Bryan,Roberson,millersheri@sampson.com,LTU
1926,Joanne,Tucker,dlarson@yahoo.com,BHR
1927,Pamela,Hall,wallacestacy@gmail.com,PRT
1928,Stephanie,Kaiser,joshua62@gmail.com,PRT
1929,Travis,Galloway,joshua10@yahoo.com,NOR
1930,Brianna,Davis,maria84@cordova.net,IMN
1931,Robin,Ingram,richardbruce@sanchez.com,LBN
1932,Annette,Ruiz,lambmichael@hotmail.com,PRI
1933,Jennifer,Becker,connor70@banks-johnson.org,URY
1934,Benjamin,Smith,ephillips@blackwell-caldwell.com,PRT
1935,Natasha,Frank,itaylor@white-davies.com,FRA
1936,Henry,Snyder,jamesmarshall@lara-martinez.com,ISL
1937,Sandra,Silva,heidicrawford@holmes-smith.com,MYS
1938,John,Pugh,angel26@mayer.net,PRT
1939,Diane,Smith,james94@gmail.com,GBR
1940,John,Harding,caldwellderek@hudson.com,SVK
1941,Terry,King,anthony58@hotmail.com,PRT
1942,Steven,Holt,leejames@adams.info,SVN
1943,Bryan,English,melissa23@hotmail.com,PRT
1944,Monica,Patterson,erik89@yahoo.com,BHR
1945,Jennifer,Barron,mary65@davis.biz,FRO
1946,Sabrina,Rivera,john09@yahoo.com,ALB
1947,Christina,Wilson,samantha36@hotmail.com,BEL
1948,Adrienne,Campos,robert90@bennett.com,SGP
1949,Brandon,Guerrero,michaeljones@gmail.com,ARM
1950,Elizabeth,Mcintosh,wramirez@ali.com,MDV
1951,Sarah,Everett,james31@yahoo.com,GNB
1952,Lori,Richard,levybrandi@moore.com,MUS
1953,Carlos,Lewis,jennifer47@gmail.com,TWN
1954,William,Perez,hubbardamanda@escobar-long.com,CHL
1955,Peggy,Mcclain,robinrodriguez@west-quinn.com,PRT
1956,Candice,Meyer,micheal97@conrad.org,PRT
1957,Bryan,Williams,ashleyduncan@gmail.com,ABW
1958,Wesley,Edwards,luis71@brooks.com,PRT
1959,Lauren,Heath,sarahbender@gmail.com,ZAF
1960,Stephanie,Costa,leemichael@gmail.com,GBR
1961,Matthew,Williams,thompsonpamela@andrade.com,CHE
1962,Gregory,Stevens,linda02@yahoo.com,QAT
1963,Carol,Smith,browncassandra@gmail.com,GTM
1964,Matthew,Mcdaniel,istephens@johnson-frazier.com,DOM
1965,Sandra,Davis,ocooper@gmail.com,PRT
1966,Gary,Evans,tstevens@patton-greene.com,PAN
1967,Tanner,Moses,colemanstephanie@yahoo.com,AND
1968,Jose,Jimenez,baldwinrobert@hotmail.com,PRT
1969,Marcus,Harris,sandrashaw@nguyen.com,PRT
1970,Christopher,Hendrix,twest@evans-webster.com,ISL
1971,Andrew,Gilbert,christine57@hotmail.com,JPN
1972,Erik,Brooks,paul72@le.biz,GNB
1973,Christopher,Mclaughlin,gsmith@parker-hobbs.com,PRT
1974,Jasmine,Colon,robertwatkins@ray.com,PRT
1975,Joshua,Russell,christyjames@stanton.com,QAT
1976,Omar,Hancock,cheyenneduncan@jones.com,LBY
1977,Rachel,Pope,ryan12@beck.org,MOZ
1978,William,Phillips,xmitchell@gmail.com,CHE
1979,Teresa,Munoz,christine54@gmail.com,UKR
1980,Joshua,Barker,howardjohn@yahoo.com,URY
1981,Melissa,Hutchinson,wendycox@yahoo.com,ALB
1982,Bryan,White,nathan88@hotmail.com,DOM
1983,Cory,Perry,diazscott@palmer.biz,BIH
1984,Eric,Morales,michaelbarry@yahoo.com,OMN
1985,Alex,Murphy,michael44@mann-santos.net,PER
1986,Judy,Cross,kristen05@stephens.com,PRT
1987,Robert,Roberts,gravesmiguel@hotmail.com,GIB
1988,Amanda,Whitney,staceymiller@watkins.com,JEY
1989,Ivan,Clark,fmartin@mendoza.com,MEX
1990,Edward,Alexander,ericdunn@yahoo.com,FRO
1991,Katrina,Wood,fmoyer@smith-steele.com,NOR
1992,Stephanie,Johnson,lindameyer@hotmail.com,BRB
1993,Collin,Cook,melissa95@yahoo.com,SEN
1994,Charles,Stephens,julie77@smith.com,FIN
1995,Steven,Cruz,shawnbernard@yahoo.com,PRT
1996,Amber,Thomas,jordanwilliam@gmail.com,BLR
1997,David,Allen,mitchellabigail@yahoo.com,TUN
1998,Jennifer,Gardner,graycynthia@hotmail.com,MAC
1999,Christy,Jackson,smithlauren@gmail.com,PAN
2000,Erin,Maxwell,benjamin29@yahoo.com,LVA
